gu_nm,year,month,yyyymm,youth20_39_persons,youth_pop_year_avg,youth_hh,youth_hh_month,demand_rate_12m,demand_rate_18m,demand_inc_12m,demand_inc_18m,persons_per_youth_household,demand_inc_12m_hh,demand_inc_18m_hh
마산합포구,2020,1,202001,41281,39963.16667,11294,11666.43319,,,,,3.5,0.0,0.0
마산합포구,2020,2,202002,40858,39963.16667,11294,11546.88906,,,,,3.5,0.0,0.0
마산합포구,2020,3,202003,40500,39963.16667,11294,11445.7146,,,,,3.5,0.0,0.0
마산합포구,2020,4,202004,40258,39963.16667,11294,11377.32292,,,,,3.5,0.0,0.0
마산합포구,2020,5,202005,40065,39963.16667,11294,11322.77914,,,,,3.5,0.0,0.0
마산합포구,2020,6,202006,39832,39963.16667,11294,11256.93096,,,,,3.5,0.0,0.0
마산합포구,2020,7,202007,39637,39963.16667,11294,11201.82196,,,,,3.5,0.0,0.0
마산합포구,2020,8,202008,39597,39963.16667,11294,11190.51755,,,,,3.5,0.0,0.0
마산합포구,2020,9,202009,39490,39963.16667,11294,11160.27826,,,,,3.5,0.0,0.0
마산합포구,2020,10,202010,39353,39963.16667,11294,11121.56065,,,,,3.5,0.0,0.0
마산합포구,2020,11,202011,39280,39963.16667,11294,11100.93011,,,,,3.5,0.0,0.0
마산합포구,2020,12,202012,39407,39963.16667,11294,11136.82161,,,,,3.5,0.0,0.0
마산합포구,2021,1,202101,39634,40295.08333,13792,13565.7277,,,,,2.921627271053067,0.0,0.0
마산합포구,2021,2,202102,39891,40295.08333,13792,13653.69237,,,,,2.921627272608603,0.0,0.0
마산합포구,2021,3,202103,40215,40295.08333,13792,13764.58948,,,,,2.921627271080808,0.0,0.0
마산합포구,2021,4,202104,40389,40295.08333,13792,13824.14533,,,,,2.9216272714054288,0.0,0.0
마산합포구,2021,5,202105,40431,40295.08333,13792,13838.52088,,,,,2.921627271483367,0.0,0.0
마산합포구,2021,6,202106,40597,40295.08333,13792,13895.33853,,,,,2.9216272717898293,0.0,0.0
마산합포구,2021,7,202107,40561,40295.08333,13792,13883.01663,,,,,2.9216272717235805,0.0,0.0
마산합포구,2021,8,202108,40527,40295.08333,13792,13871.37928,,,,,2.9216272716609044,0.0,0.0
마산합포구,2021,9,202109,40460,40295.08333,13792,13848.44685,,,,,2.921627272591944,0.0,0.0
마산합포구,2021,10,202110,40408,40295.08333,13792,13830.64855,,,,,2.9216272724969214,0.0,0.0
마산합포구,2021,11,202111,40248,40295.08333,13792,13775.88455,,,,,2.9216272722030032,0.0,0.0
마산합포구,2021,12,202112,40180,40295.08333,13792,13752.60985,,,,,2.9216272720773793,0.0,0.0
마산합포구,2022,1,202201,40076,39245.33333,13778,14069.62513,-0.0147031839827701,-0.0219735073517407,-589.2448012934966,-880.6102806283624,2.8484056703506497,-206.86828685499643,-309.15901123029147
마산합포구,2022,2,202202,39854,39245.33333,13778,13991.68679,-0.0167444205183948,-0.0250111946421914,-667.332135340109,-996.7961512698992,2.8484056710363226,-234.28268737343038,-349.9488016772693
마산합포구,2022,3,202203,39805,39245.33333,13778,13974.48418,-0.0166641206439615,-0.0248917550803107,-663.3153222328875,-990.816310971768,2.8484056718864883,-232.8724903126514,-347.8494375822367
마산합포구,2022,4,202204,39688,39245.33333,13778,13933.40858,-0.0173383617000697,-0.0258944826037248,-688.1248991523682,-1027.7002255766315,2.848405669878088,-241.58247767489524,-360.7984060854004
마산합포구,2022,5,202205,39559,39245.33333,13778,13888.12008,-0.018095327587002,-0.0270198281925582,-715.8330640142142,-1068.8773834694105,2.848405671331148,-251.31008241522116,-375.25461847921787
마산합포구,2022,6,202206,39371,39245.33333,13778,13822.11825,-0.019411674103406,-0.0289757457244734,-764.2570211251997,-1140.8040849182453,2.8484056703826854,-268.3104548877412,-400.5061837856043
마산합포구,2022,7,202207,39204,39245.33333,13778,13763.48896,-0.0204376858659067,-0.0304993539909739,-801.2390366870092,-1195.6966738621416,2.848405670534283,-281.2938637833559,-419.7775219419015
마산합포구,2022,8,202208,39063,39245.33333,13778,13713.98758,-0.0211511550647235,-0.0315583721945207,-826.2275702932956,-1232.7646930345634,2.8484056713722063,-290.0666778602727,-432.79112432067467
마산합포구,2022,9,202209,38953,39245.33333,13778,13675.36949,-0.0215322564998847,-0.0321238914321574,-838.7459874400115,-1251.3219429568287,2.8484056703904095,-294.4615635893784,-439.30608479139823
마산합포구,2022,10,202210,38746,39245.33333,13778,13602.69725,-0.0227818726387279,-0.0339774334198451,-882.7064372601549,-1316.489635285321,2.8484056718971673,-309.89491629267553,-462.18474014218594
마산합포구,2022,11,202211,38464,39245.33333,13778,13503.6945,-0.0246371696992688,-0.0367271898492581,-947.644095312678,-1412.674630361866,2.8484056714997514,-332.6928129635838,-495.9527515678833
마산합포구,2022,12,202212,38161,39245.33333,13778,13397.31921,-0.0265847918296355,-0.0396109698936611,-1014.5022410107232,-1511.594222112005,2.848405669957908,-356.16494227302775,-530.6808078830788
마산합포구,2023,1,202301,37901,37052.16667,13156,13457.39267,-0.0280733589822611,-0.0418130983393235,-1064.00837878668,-1584.7582401587024,2.8163702233710626,-377.7942153901599,-562.6952831016021
마산합포구,2023,2,202302,37618,37052.16667,13156,13356.90872,-0.0271642255970124,-0.0404683620039226,-1021.8638385084156,-1522.3388418635632,2.8163702237234425,-362.83008174878324,-540.5322173343114
마산합포구,2023,3,202303,37397,37052.16667,13156,13278.43892,-0.0262206057510869,-0.0390719506386634,-980.5719932733996,-1461.173738034096,2.816370224339594,-348.16871191120913,-518.8145100407473
마산합포구,2023,4,202304,37256,37052.16667,13156,13228.37448,-0.0255011226542769,-0.0380067722473612,-950.069825607742,-1415.9803068476913,2.8163702241970396,-337.3384001311871,-502.767816064166
마산합포구,2023,5,202305,37034,37052.16667,13156,13149.54962,-0.0258814243848752,-0.0385698493357591,-958.4926706694712,-1428.3958003005037,2.8163702233324095,-340.3290741851955,-507.1761476764887
마산합포구,2023,6,202306,36868,37052.16667,13156,13090.6085,-0.0254461941298821,-0.0379254356532834,-938.1502851804946,-1398.2349616652536,2.816370224501023,-333.1061651692852,-496.46703032907516
마산합포구,2023,7,202307,36721,37052.16667,13156,13038.41366,-0.0251497494796685,-0.0374864292945452,-923.523950642908,-1376.5391701249966,2.8163702239832142,-327.912837161288,-488.76357177862315
마산합포구,2023,8,202308,36566,37052.16667,13156,12983.37828,-0.0261956195806665,-0.0390349657740806,-957.869025586652,-1427.3525584950316,2.816370224406648,-340.10763829476844,-506.8057267917416
마산합포구,2023,9,202309,36769,37052.16667,13156,13055.45687,-0.0235165321491691,-0.035066592908324,-864.6793705928006,-1289.3635546461664,2.816370224813128,-307.0190712054463,-457.81039129247233
마산합포구,2023,10,202310,36900,37052.16667,13156,13101.97064,-0.0212250626857106,-0.0316680528659507,-783.2048131027237,-1168.551150753583,2.816370225051886,-278.0901481403407,-414.91389887565464
마산합포구,2023,11,202311,36841,37052.16667,13156,13081.02169,-0.021141363496748,-0.0315438409635877,-778.8689725836931,-1162.1066449395364,2.8163702249774345,-276.55063445713483,-412.6256678306019
마산합포구,2023,12,202312,36755,37052.16667,13156,13050.48594,-0.0229554848643078,-0.0342348568249001,-843.7288461876359,-1258.3021625992042,2.8163702232225076,-299.5802324675327,-446.78151765127217
마산합포구,2024,1,202401,36590,36091.25,12958,13137.0684,-0.0262858045584397,-0.0391684565532974,-961.7975887933108,-1433.1738252851549,2.785248495775511,-345.3184124332549,-514.5586928630972
마산합포구,2024,2,202402,36307,36091.25,12958,13035.46167,-0.030892813990956,-0.0459794693791937,-1121.6253975696395,-1669.3765947503866,2.785248495153605,-402.7020926575467,-599.3636106994186
마산합포구,2024,3,202403,36366,36091.25,12958,13056.6447,-0.0329791891535392,-0.0490586536293494,-1199.3211927576083,-1784.0669978849228,2.7852484949674703,-430.59755527185575,-640.5414098987816
마산합포구,2024,4,202404,36321,36091.25,12958,13040.48815,-0.0347683243759875,-0.0516965112389363,-1262.8203096602433,-1877.668984709408,2.7852484954713908,-453.3959220204216,-674.1477422076916
마산합포구,2024,5,202405,36283,36091.25,12958,13026.84484,-0.0354392878072684,-0.0526851335435801,-1285.8436795111215,-1911.57470036172,2.7852484961354618,-461.66210350539006,-686.3210600468985
마산합포구,2024,6,202406,36191,36091.25,12958,12993.81368,-0.0375706014872777,-0.0558232088001877,-1359.7176384260692,-2020.2977496875956,2.7852484952670187,-488.185395571218,-725.3563741693762
마산합포구,2024,7,202407,36140,36091.25,12958,12975.50293,-0.0377383785775421,-0.05607009080152,-1363.865001792373,-2026.373081566934,2.7852484944103817,-489.6744418063474,-727.5376274804893
마산합포구,2024,8,202408,36046,36091.25,12958,12941.75369,-0.0383045957269793,-0.056903113743461,-1380.727457574696,-2051.129637996796,2.785248495947847,-495.72864309359267,-736.4260822619265
마산합포구,2024,9,202409,35879,36091.25,12958,12881.79495,-0.0392623349919523,-0.0583115888115204,-1408.6933171762569,-2092.161494968542,2.7852484952029144,-505.76934862453953,-751.1579302787204
마산합포구,2024,10,202410,35783,36091.25,12958,12847.32765,-0.0397083977424589,-0.0589673401851296,-1420.885596418408,-2110.028333844493,2.7852484948494327,-510.1467962538903,-757.5727400073717
마산합포구,2024,11,202411,35678,36091.25,12958,12809.62904,-0.039379023983129,-0.0584831465708141,-1404.9648176700798,-2086.561703353505,2.7852484945965306,-504.4306891811469,-749.1474126640766
마산합포구,2024,12,202412,35511,36091.25,12958,12749.67029,-0.0403394178031087,-0.0598947349324842,-1432.4930656061963,-2126.9219321874466,2.785248496022088,-514.3142766801933,-763.6381224961191
마산회원구,2020,1,202001,46051,45062.41667,11241,11487.60606,,,,,3.5,0.0,0.0
마산회원구,2020,2,202002,45898,45062.41667,11241,11449.4396,,,,,3.5,0.0,0.0
마산회원구,2020,3,202003,45643,45062.41667,11241,11385.82883,,,,,3.5,0.0,0.0
마산회원구,2020,4,202004,45558,45062.41667,11241,11364.62524,,,,,3.5,0.0,0.0
마산회원구,2020,5,202005,45345,45062.41667,11241,11311.49154,,,,,3.5,0.0,0.0
마산회원구,2020,6,202006,45166,45062.41667,11241,11266.83928,,,,,3.5,0.0,0.0
마산회원구,2020,7,202007,44946,45062.41667,11241,11211.9594,,,,,3.5,0.0,0.0
마산회원구,2020,8,202008,44566,45062.41667,11241,11117.16688,,,,,3.5,0.0,0.0
마산회원구,2020,9,202009,44494,45062.41667,11241,11099.20619,,,,,3.5,0.0,0.0
마산회원구,2020,10,202010,44491,45062.41667,11241,11098.45783,,,,,3.5,0.0,0.0
마산회원구,2020,11,202011,44419,45062.41667,11241,11080.49714,,,,,3.5,0.0,0.0
마산회원구,2020,12,202012,44172,45062.41667,11241,11018.882,,,,,3.5,0.0,0.0
마산회원구,2021,1,202101,43899,42498.25,10951,11311.94694,,,,,3.5,0.0,0.0
마산회원구,2021,2,202102,43453,42498.25,10951,11197.02112,,,,,3.5,0.0,0.0
마산회원구,2021,3,202103,43216,42498.25,10951,11135.95068,,,,,3.5,0.0,0.0
마산회원구,2021,4,202104,42956,42498.25,10951,11068.95357,,,,,3.5,0.0,0.0
마산회원구,2021,5,202105,42775,42498.25,10951,11022.31327,,,,,3.5,0.0,0.0
마산회원구,2021,6,202106,42583,42498.25,10951,10972.83848,,,,,3.5,0.0,0.0
마산회원구,2021,7,202107,42385,42498.25,10951,10921.8176,,,,,3.5,0.0,0.0
마산회원구,2021,8,202108,42110,42498.25,10951,10850.95527,,,,,3.5,0.0,0.0
마산회원구,2021,9,202109,41857,42498.25,10951,10785.76193,,,,,3.5,0.0,0.0
마산회원구,2021,10,202110,41785,42498.25,10951,10767.20889,,,,,3.5,0.0,0.0
마산회원구,2021,11,202111,41629,42498.25,10951,10727.01062,,,,,3.5,0.0,0.0
마산회원구,2021,12,202112,41331,42498.25,10951,10650.22162,,,,,3.5,0.0,0.0
마산회원구,2022,1,202201,41070,39876.66667,10570,10886.31363,-0.0556286160585012,-0.0822714805248664,-2284.6672615226453,-3378.8897051562644,3.5,-652.7620747207558,-965.3970586160756
마산회원구,2022,2,202202,40701,39876.66667,10570,10788.5038,-0.0575557113512147,-0.0850791382986977,-2342.575007705791,-3462.8060078952963,3.5,-669.3071450587975,-989.3731451129418
마산회원구,2022,3,202203,40452,39876.66667,10570,10722.50205,-0.0580761028765428,-0.0858368244629769,-2349.294513561912,-3472.271223176342,3.5,-671.227003874832,-992.0774923360977
마산회원구,2022,4,202204,40295,39876.66667,10570,10680.88648,-0.0576166646363902,-0.0851678966441378,-2321.663501523345,-3431.8403952755334,3.5,-663.33242900667,-980.5258272215809
마산회원구,2022,5,202205,40119,39876.66667,10570,10634.23464,-0.057387270754483,-0.0848338452291722,-2302.3199153991045,-3403.4490367491617,3.5,-657.8056901140299,-972.4140104997605
마산회원구,2022,6,202206,39955,39876.66667,10570,10590.7636,-0.0570639589805436,-0.0843629582667566,-2279.9904810676203,-3370.721997548262,3.5,-651.4258517336058,-963.0634278709321
마산회원구,2022,7,202207,39817,39876.66667,10570,10554.18432,-0.0565219779296555,-0.083573409653423,-2250.535595225094,-3327.6424521703466,3.5,-643.0101700643125,-950.7549863343847
마산회원구,2022,8,202208,39583,39876.66667,10570,10492.15857,-0.0569038106517936,-0.084129680565522,-2252.4235370299466,-3330.1051458250595,3.5,-643.5495820085562,-951.4586130928741
마산회원구,2022,9,202209,39424,39876.66667,10570,10450.01287,-0.0566005737270556,-0.0836879207128362,-2231.421018615441,-3299.3125861828566,3.5,-637.5488624615546,-942.6607389093876
마산회원구,2022,10,202210,39238,39876.66667,10570,10400.71036,-0.0565572254906339,-0.0836247645864619,-2219.1924138014933,-3281.268512843594,3.5,-634.0549753718552,-937.505289383884
마산회원구,2022,11,202211,39062,39876.66667,10570,10354.05851,-0.0564386462247943,-0.0834519933491587,-2204.606398832916,-3259.8017642048394,3.5,-629.8875425236903,-931.3719326299541
마산회원구,2022,12,202212,38804,39876.66667,10570,10285.67115,-0.0570161347135712,-0.0842932978279885,-2212.454091425419,-3270.917128917268,3.5,-632.1297404072626,-934.5477511192195
마산회원구,2023,1,202301,38633,37601.16667,9883,10154.20459,-0.0568666049238824,-0.0840754825552358,-2196.9275480243487,-3248.088117556428,3.5,-627.6935851498139,-928.0251764446938
마산회원구,2023,2,202302,38344,37601.16667,9883,10078.24452,-0.0581800517606019,-0.0859881481852954,-2230.85590470852,-3297.129554016968,3.5,-637.3874013452914,-942.0370154334195
마산회원구,2023,3,202303,38149,37601.16667,9883,10026.99119,-0.0580316181274608,-0.085772063180648,-2213.848199944503,-3272.118438278541,3.5,-632.5280571270008,-934.8909823652974
마산회원구,2023,4,202304,38021,37601.16667,9883,9993.347981,-0.0585015089545319,-0.0864560570674133,-2224.285871960261,-3287.1457457601223,3.5,-635.5102491315031,-939.1844987886063
마산회원구,2023,5,202305,37859,37601.16667,9883,9950.768292,-0.0583708148000459,-0.0862658300022121,-2209.8606775149383,-3265.938058053748,3.5,-631.3887650042681,-933.125159443928
마산회원구,2023,6,202306,37732,37601.16667,9883,9917.387918,-0.0581839977683372,-0.0859938924266439,-2195.3986037949016,-3244.721549042128,3.5,-627.2567439414005,-927.0632997263223
마산회원구,2023,7,202307,37646,37601.16667,9883,9894.783885,-0.0573670928870544,-0.0848044595659052,-2159.6415788260515,-3192.548684818068,3.5,-617.0404510931576,-912.1567670908765
마산회원구,2023,8,202308,37459,37601.16667,9883,9845.633256,-0.0562633066836462,-0.0831965018986065,-2107.567205062703,-3116.457764619901,3.5,-602.1620585893437,-890.4165041771146
마산회원구,2023,9,202309,37219,37601.16667,9883,9782.552235,-0.0577754481135573,-0.0853990989022819,-2150.3444033384926,-3178.469062044031,3.5,-614.3841152395693,-908.134017726866
마산회원구,2023,10,202310,36909,37601.16667,9883,9701.072582,-0.0603775806222739,-0.0891852486526463,-2228.476123187509,-3291.738342520523,3.5,-636.7074637678597,-940.496669291578
마산회원구,2023,11,202311,36715,37601.16667,9883,9650.08209,-0.0615202232247846,-0.0908461593304534,-2258.714995697969,-3335.4167398176,3.5,-645.347141627991,-952.9762113764572
마산회원구,2023,12,202312,36528,37601.16667,9883,9600.93146,-0.061373214330311,-0.0906325282992905,-2241.8407730576027,-3310.624993716486,3.5,-640.525935159315,-945.8928553475674
마산회원구,2024,1,202401,36559,36044.33333,9884,10025.13079,-0.0591655163356521,-0.0874223246089254,-2163.032111715107,-3196.072765377704,3.5,-618.0091747757449,-913.1636472507726
마산회원구,2024,2,202402,36518,36044.33333,9884,10013.88786,-0.056310608584184,-0.0832654289702867,-2056.350804277232,-3040.6869351369323,3.5,-587.5288012220662,-868.7676957534093
마산회원구,2024,3,202403,36421,36044.33333,9884,9987.288728,-0.0554264802701666,-0.0819768151414687,-2018.687837919738,-2985.677584267432,3.5,-576.7679536913537,-853.0507383621234
마산회원구,2024,4,202404,36273,36044.33333,9884,9946.704484,-0.0548083404482033,-0.0810755202630018,-1988.062933077681,-2940.8523464998643,3.5,-568.0179808793374,-840.2435275713898
마산회원구,2024,5,202405,36144,36044.33333,9884,9911.33038,-0.0546004343114939,-0.0807723110533265,-1973.4780977546384,-2919.434410711433,3.5,-563.8508850727538,-834.1241173461237
마산회원구,2024,6,202406,35992,36044.33333,9884,9869.649265,-0.0545107938945569,-0.0806415696565199,-1961.952493852893,-2902.451375077465,3.5,-560.5578553865408,-829.2718214507042
마산회원구,2024,7,202407,35850,36044.33333,9884,9830.710329,-0.0542878016941033,-0.0803163065354826,-1946.2176907336036,-2879.339589297052,3.5,-556.0621973524582,-822.668454084872
마산회원구,2024,8,202408,35757,36044.33333,9884,9805.208068,-0.0530538608663594,-0.0785157502634851,-1897.0469029984145,-2807.4876821714374,3.5,-542.0134008566898,-802.1393377632678
마산회원구,2024,9,202409,35793,36044.33333,9884,9815.079911,-0.0508314623462248,-0.0752698850949881,-1819.410531758425,-2694.1349972049093,3.5,-519.8315805024071,-769.7528563442598
마산회원구,2024,10,202410,35853,36044.33333,9884,9831.532983,-0.0497562287296654,-0.0736981161151896,-1783.9100686446957,-2642.2985570778933,3.5,-509.6885910413416,-754.9424448793981
마산회원구,2024,11,202411,35777,36044.33333,9884,9810.692425,-0.0492434760632741,-0.072948264589405,-1761.78384311576,-2609.870062215145,3.5,-503.36681231878856,-745.6771606328986
마산회원구,2024,12,202412,35595,36044.33333,9884,9760.784774,-0.0485827351753636,-0.0719816963107412,-1729.302458567067,-2562.188480180834,3.5,-494.0864167334477,-732.0538514802383
성산구,2020,1,202001,64420,62987.75,18261,18676.22863,,,,,3.4493045291018154,0.0,0.0
성산구,2020,2,202002,63935,62987.75,18261,18535.62058,,,,,3.44930452822206,0.0,0.0
성산구,2020,3,202003,63687,62987.75,18261,18463.72203,,,,,3.4493045279018424,0.0,0.0
성산구,2020,4,202004,63585,62987.75,18261,18434.15085,,,,,3.449304528176843,0.0,0.0
성산구,2020,5,202005,63381,62987.75,18261,18375.00849,,,,,3.4493045287294994,0.0,0.0
성산구,2020,6,202006,63123,62987.75,18261,18300.2108,,,,,3.4493045293226894,0.0,0.0
성산구,2020,7,202007,62907,62987.75,18261,18237.58948,,,,,3.4493045294711835,0.0,0.0
성산구,2020,8,202008,62620,62987.75,18261,18154.3843,,,,,3.4493045297052567,0.0,0.0
성산구,2020,9,202009,62357,62987.75,18261,18078.13705,,,,,3.4493045288646043,0.0,0.0
성산구,2020,10,202010,62186,62987.75,18261,18028.56184,,,,,3.4493045286633914,0.0,0.0
성산구,2020,11,202011,61970,62987.75,18261,17965.94052,,,,,3.449304528811832,0.0,0.0
성산구,2020,12,202012,61682,62987.75,18261,17882.44543,,,,,3.4493045283684114,0.0,0.0
성산구,2021,1,202101,61441,66345.41667,22889,21196.98872,,,,,2.898572094914055,0.0,0.0
성산구,2021,2,202102,61167,66345.41667,22889,21102.45942,,,,,2.8985720944938085,0.0,0.0
성산구,2021,3,202103,60850,66345.41667,22889,20993.09523,,,,,2.898572093982732,0.0,0.0
성산구,2021,4,202104,60711,66345.41667,22889,20945.14058,,,,,2.8985720944729034,0.0,0.0
성산구,2021,5,202105,60556,66345.41667,22889,20891.66598,,,,,2.898572093674647,0.0,0.0
성산구,2021,6,202106,60454,66345.41667,22889,20856.47623,,,,,2.898572094985194,0.0,0.0
성산구,2021,7,202107,72421,66345.41667,22889,24985.0608,,,,,2.898572093929025,0.0,0.0
성산구,2021,8,202108,72143,66345.41667,22889,24889.1515,,,,,2.898572094753813,0.0,0.0
성산구,2021,9,202109,72030,66345.41667,22889,24850.16679,,,,,2.8985720944531335,0.0,0.0
성산구,2021,10,202110,71766,66345.41667,22889,24759.08746,,,,,2.8985720946275944,0.0,0.0
성산구,2021,11,202111,71456,66345.41667,22889,24652.13825,,,,,2.898572094451077,0.0,0.0
성산구,2021,12,202112,71150,66345.41667,22889,24546.56903,,,,,2.8985720942524735,0.0,0.0
성산구,2022,1,202201,71011,69907.83333,23005,23368.02583,0.0499109230263168,0.0757929182250474,3544.2245550217845,5382.130916078841,3.0388104034374908,1166.3197384781133,1771.1308708139854
성산구,2022,2,202202,70498,69907.83333,23005,23199.20977,0.0442269954569143,0.067068684272501,3117.9147257215463,4728.208103842776,3.038810403411426,1026.0313451017926,1555.9404754356508
성산구,2022,3,202203,70305,69907.83333,23005,23135.69807,0.0411721308962209,0.0623895794301878,2894.6066626588145,4386.299381839357,3.0388104040467367,952.5459893134865,1443.4264724111088
성산구,2022,4,202204,70410,69907.83333,23005,23170.25107,0.0403072151597017,0.0610660423594737,2838.031019394597,4299.660042530548,3.038810403360899,933.9282951827986,1414.9155333202623
성산구,2022,5,202205,70373,69907.83333,23005,23158.07525,0.0386060835302954,0.0584644912799232,2716.8259162774843,4114.32164484204,3.038810403727313,894.0425875023685,1353.9250885134318
성산구,2022,6,202206,70215,69907.83333,23005,23106.08122,0.0362860706197143,0.054919914366257,2547.826448563242,3856.201787226742,3.0388104036968326,838.4288948937751,1268.9840019421813
성산구,2022,7,202207,70028,69907.83333,23005,23044.54398,0.0339520557525316,0.0513579464153803,2377.594560238289,3596.4942715762577,3.038810403919306,782.4096420006284,1183.5204548917166
성산구,2022,8,202208,69726,69907.83333,23005,22945.16299,0.0311125588410314,0.047029974338286,2169.354277749761,3279.2119907113324,3.03881040332501,713.8827336434329,1079.1104266074906
성산구,2022,9,202209,69493,69907.83333,23005,22868.48825,0.0288335724139656,0.0435606419584251,2003.731447763716,3027.1596916168373,3.0388104032193737,659.3802119542979,996.1660287887019
성산구,2022,10,202210,69205,69907.83333,23005,22773.71432,0.0263965479678962,0.0398549753041101,1826.7731021182603,2758.163565920946,3.0388104034142467,601.1474424550457,907.6458218064606
성산구,2022,11,202211,68957,69907.83333,23005,22692.10344,0.0243116395081097,0.0366882151866891,1676.4577255607255,2529.9092546285265,3.0388104030253795,551.6822385140176,832.53277404533
성산구,2022,12,202212,68673,69907.83333,23005,22598.64581,0.0221615286900933,0.0334257933677861,1521.8986597347812,2295.44950794598,3.038810403834547,500.82053747557313,755.3776652368468
성산구,2023,1,202301,68404,67337.91667,22371,22725.17416,0.020203774416331,0.0304582222391129,1382.018985174708,2083.4642340442847,3.010053939230185,459.134292300475,692.1684049878277
성산구,2023,2,202302,68016,67337.91667,22371,22596.27282,0.0208395154319811,0.031421568905571,1417.4204816216295,2137.1694306813183,3.010053938621193,470.89537613764605,710.0103434227115
성산구,2023,3,202303,67841,67337.91667,22371,22538.13433,0.021285461903872,0.0320974964605504,1444.0270210205829,2177.5262573802056,3.0100539382134386,479.73459966556555,723.4176868845865
성산구,2023,4,202304,67766,67337.91667,22371,22513.21783,0.0214545765870854,0.0323538646452197,1453.8908370004356,2192.4919915479595,3.010053938611049,483.0115561554737,728.3896024001673
성산구,2023,5,202305,67682,67337.91667,22371,22485.31135,0.0221266194570028,0.0333728529182577,1497.57385808887,2258.741431213521,3.0100539390574195,497.5239276136781,750.3989885047816
성산구,2023,6,202306,67515,67337.91667,22371,22429.83062,0.0226747822328121,0.0342042554975561,1530.8879224483132,2309.3003099175016,3.0100539386061578,508.59152482736226,767.1956572933877
성산구,2023,7,202307,67372,67337.91667,22371,22382.32316,0.0231205830539635,0.0348805692515901,1557.6799215116346,2349.973711618129,3.010053939369536,517.4923615614326,780.7081729938492
성산구,2023,8,202308,67133,67337.91667,22371,22302.92259,0.0234681464821224,0.035407951639097,1575.4870777843282,2377.042017387502,3.010053939303029,523.4082543215584,789.7008044772449
성산구,2023,9,202309,66932,67337.91667,22371,22236.14638,0.0238811080470775,0.0360346836263096,1598.4103238069945,2411.87344447616,3.010053939031499,531.0238142514123,801.2724998716113
성산구,2023,10,202310,66682,67337.91667,22371,22153.09139,0.0235412066158706,0.0355188223003211,1569.774739559488,2368.466108630012,3.0100539390227286,521.5105015922555,786.8517164841836
성산구,2023,11,202311,66464,67337.91667,22371,22080.66744,0.0236111145852402,0.0356249131743975,1569.2891197934068,2367.7742292231574,3.010053938840537,521.3491690444231,786.6218603827466
성산구,2023,12,202312,66248,67337.91667,22371,22008.90793,0.0240899595279646,0.0363516956456135,1595.9116388086031,2408.2271331306083,3.010053938646287,530.1937012884006,800.0611225636911
성산구,2024,1,202401,66022,65358.0,22401,22628.58138,0.0242598132952334,0.0366095375521986,1601.6813933779003,2417.0348882712588,2.917637605791442,548.9651594147953,828.421899784093
성산구,2024,2,202402,65502,65358.0,22401,22450.355,0.0230867497181881,0.0348292363399533,1512.2282800407595,2281.3846387396266,2.9176376052850834,518.3057269694737,781.9287202108542
성산구,2024,3,202403,65325,65358.0,22401,22389.68948,0.0239363133179144,0.0361184756004933,1563.639667492762,2359.439418602225,2.917637605396571,535.9266224840933,808.6814531860016
성산구,2024,4,202404,65199,65358.0,22401,22346.50386,0.0240579091043275,0.0363030447668166,1568.5516156930546,2366.92221575168,2.9176376049009396,537.6101586633856,811.2461300114215
성산구,2024,5,202405,65208,65358.0,22401,22349.58854,0.0249780537110142,0.0377000792721538,1628.7689263878171,2458.346769178605,2.917637605868873,558.2492229711886,842.5812596580201
성산구,2024,6,202406,65512,65358.0,22401,22453.78243,0.0271454313970433,0.0409932373954406,1778.351501683107,2685.54896825011,2.917637605344874,609.5176105577034,920.453233578565
성산구,2024,7,202407,65631,65358.0,22401,22494.56885,-0.0322834508959049,-0.0480322146098951,-2118.7951657491344,-3152.4022770620286,2.9176376056658673,-726.202308893527,-1080.4639585602624
성산구,2024,8,202408,65581,65358.0,22401,22477.4317,-0.0312881504388052,-0.046563182862265,-2051.908193927289,-3053.660095290202,2.9176376053675206,-703.2772645075707,-1046.6207625211725
성산구,2024,9,202409,65453,65358.0,22401,22433.56059,-0.0314128254835885,-0.0467472406186895,-2056.063666377324,-3059.7471402150845,2.9176376053820174,-704.7015237891807,-1048.7070548346803
성산구,2024,10,202410,65251,65358.0,22401,22364.32649,-0.0312252512200114,-0.0464703202564255,-2037.4788673569644,-3032.2348670520205,2.9176376059961555,-698.3317130166059,-1039.2774143095603
성산구,2024,11,202411,64913,65358.0,22401,22248.47934,-0.031504382593028,-0.046882398826923,-2045.0439872612276,-3043.2771550520542,2.917637606058518,-700.9246052404394,-1043.0620817104373
성산구,2024,12,202412,64699,65358.0,22401,22175.13233,-0.0311849249895496,-0.0464107821783272,-2017.6334618988703,-3002.731196155597,2.9176376058180664,-691.5298383443865,-1029.165236343213
의창구,2020,1,202001,71915,72073.25,22049,22000.58739,,,,,3.268776361520591,0.0,0.0
의창구,2020,2,202002,72254,72073.25,22049,22104.29592,,,,,3.268776361911825,0.0,0.0
의창구,2020,3,202003,72186,72073.25,22049,22083.49303,,,,,3.268776361689553,0.0,0.0
의창구,2020,4,202004,72167,72073.25,22049,22077.68046,,,,,3.268776361300774,0.0,0.0
의창구,2020,5,202005,72312,72073.25,22049,22122.03956,,,,,3.2687763623183757,0.0,0.0
의창구,2020,6,202006,72438,72073.25,22049,22160.5861,,,,,3.2687763614699703,0.0,0.0
의창구,2020,7,202007,72404,72073.25,22049,22150.18465,,,,,3.268776362096828,0.0,0.0
의창구,2020,8,202008,72306,72073.25,22049,22120.20401,,,,,3.2687763624292177,0.0,0.0
의창구,2020,9,202009,72118,72073.25,22049,22062.69014,,,,,3.2687763614668617,0.0,0.0
의창구,2020,10,202010,71959,72073.25,22049,22014.04808,,,,,3.2687763621891754,0.0,0.0
의창구,2020,11,202011,71585,72073.25,22049,21899.63218,,,,,3.268776361704172,0.0,0.0
의창구,2020,12,202012,71235,72073.25,22049,21792.55847,,,,,3.2687763622643615,0.0,0.0
의창구,2021,1,202101,70822,63440.08333,18006,20101.18627,,,,,3.5,0.0,0.0
의창구,2021,2,202102,70461,63440.08333,18006,19998.72477,,,,,3.5,0.0,0.0
의창구,2021,3,202103,70276,63440.08333,18006,19946.2168,,,,,3.5,0.0,0.0
의창구,2021,4,202104,70056,63440.08333,18006,19883.77489,,,,,3.5,0.0,0.0
의창구,2021,5,202105,69846,63440.08333,18006,19824.17125,,,,,3.5,0.0,0.0
의창구,2021,6,202106,69545,63440.08333,18006,19738.73936,,,,,3.5,0.0,0.0
의창구,2021,7,202107,57236,63440.08333,18006,16245.11447,,,,,3.5,0.0,0.0
의창구,2021,8,202108,57054,63440.08333,18006,16193.45798,,,,,3.5,0.0,0.0
의창구,2021,9,202109,56886,63440.08333,18006,16145.77507,,,,,3.5,0.0,0.0
의창구,2021,10,202110,56604,63440.08333,18006,16065.7359,,,,,3.5,0.0,0.0
의창구,2021,11,202111,56391,63440.08333,18006,16005.28077,,,,,3.5,0.0,0.0
의창구,2021,12,202112,56104,63440.08333,18006,15923.82246,,,,,3.5,0.0,0.0
의창구,2022,1,202201,55779,54369.83333,17882,18345.46874,-0.1193048197269323,-0.1735084277538152,-6654.703539548556,-9678.12659168006,3.0404783214059212,-2188.7028408317715,-3183.093437484166
의창구,2022,2,202202,55422,54369.83333,17882,18228.05301,-0.1175418865592258,-0.1710255397615833,-6514.406436885413,-9478.57746466647,3.040478320399618,-2142.5597390969747,-3117.4626048380032
의창구,2022,3,202203,55119,54369.83333,17882,18128.39763,-0.1155283267156049,-0.1681866376014094,-6367.805840237431,-9270.279277952084,3.0404783216353137,-2094.343444229039,-3048.9542424910587
의창구,2022,4,202204,54864,54369.83333,17882,18044.52925,-0.1133268693591008,-0.1650791203715973,-6217.565360517709,-9056.900860067317,3.0404783211509936,-2044.9300089612243,-2978.775016109559
의창구,2022,5,202205,54662,54369.83333,17882,17978.09234,-0.1109164281562052,-0.1616721802438704,-6062.913795874493,-8837.324716490444,3.040478320293242,-1994.0657874152346,-2906.557385233426
의창구,2022,6,202206,54379,54369.83333,17882,17885.01488,-0.109220175753895,-0.1592719104690966,-5939.283937321061,-8661.047219399004,3.0404783202506347,-1953.4044685546287,-2848.5804887058202
의창구,2022,7,202207,54233,54369.83333,17882,17836.99612,-0.1067404713308628,-0.1557589087855896,-5788.855981686685,-8447.272900168882,3.0404783201802927,-1903.9293729755718,-2778.2710516639963
의창구,2022,8,202208,53994,54369.83333,17882,17758.39006,-0.1050134208397148,-0.1533093101969178,-5670.0946448195655,-8277.782894772383,3.040478321377743,-1864.8692888065898,-2722.526530306403
의창구,2022,9,202209,53804,54369.83333,17882,17695.8999,-0.1030914692927486,-0.1505804897076281,-5546.733413827045,-8101.832668229225,3.0404783200655423,-1824.296321148403,-2664.6572727591683
의창구,2022,10,202210,53627,54369.83333,17882,17637.68537,-0.1012070799408759,-0.1479021605482964,-5427.432075989355,-7931.549163723492,3.0404783209941115,-1785.0586332136083,-2608.651773294079
의창구,2022,11,202211,53458,54369.83333,17882,17582.10201,-0.0993858124827559,-0.1453108785004818,-5312.966763703165,-7768.028942878759,3.040478321055993,-1747.4114934185457,-2554.8706889581877
의창구,2022,12,202212,53097,54369.83333,17882,17463.37069,-0.0987843131670742,-0.1444544950058174,-5245.150676232141,-7670.100321323887,3.0404783213131235,-1725.1070791936654,-2522.6623941233433
의창구,2023,1,202301,52869,51833.91667,16691,17024.3064,-0.0974723060558155,-0.1425855358267935,-5153.263348864914,-7538.3546936267485,3.1055009677222443,-1659.3984038087801,-2427.419850123511
의창구,2023,2,202302,52484,51833.91667,16691,16900.33284,-0.1010786872268638,-0.1477195705566405,-5305.013820414723,-7752.913941094722,3.1055009683466093,-1708.263457164256,-2496.509909389089
의창구,2023,3,202303,52353,51833.91667,16691,16858.14963,-0.1015452715007839,-0.1483830474937533,-5316.199598880543,-7768.297685440467,3.105500968317126,-1711.8653811791908,-2501.4636172050896
의창구,2023,4,202304,52279,51833.91667,16691,16834.32094,-0.1018899837300688,-0.1488731132852236,-5326.706459424269,-7782.937489438209,3.105500969497377,-1715.2486866833574,-2506.1777683804335
의창구,2023,5,202305,52127,51833.91667,16691,16785.37554,-0.1033613557150747,-0.150963855800924,-5387.917389359703,-7869.29291133477,3.105500968731975,-1734.9591720010555,-2533.9850125849184
의창구,2023,6,202306,51992,51833.91667,16691,16741.90429,-0.1046558006220287,-0.1528017764055625,-5441.264385940518,-7944.4699588780095,3.1055009692687716,-1752.1373974073274,-2558.1927159239085
의창구,2023,7,202307,51826,51833.91667,16691,16688.45076,-0.1054697249985604,-0.1539567487899508,-5466.073967775394,-7978.96246278799,3.1055009686231654,-1760.126312309217,-2569.2996213507836
의창구,2023,8,202308,51640,51833.91667,16691,16628.55704,-0.1061376760868078,-0.1549041901777282,-5480.949593122755,-7999.252380777888,3.1055009689523847,-1764.9164009025276,-2575.8331621053626
의창구,2023,9,202309,51479,51833.91667,16691,16576.71355,-0.106292349027727,-0.1551235323448209,-5471.823835598358,-7985.604321579035,3.1055009694608615,-1761.9778223892513,-2571.438360544256
의창구,2023,10,202310,51232,51833.91667,16691,16497.17727,-0.1070672943149975,-0.1562221988111964,-5485.271622345952,-8003.575689495218,3.1055009691364006,-1766.308134133777,-2577.225307297492
의창구,2023,11,202311,51033,51833.91667,16691,16433.09743,-0.1066745845667198,-0.1556655003120661,-5443.924074193415,-7944.077477425672,3.10550096945418,-1752.9938414896822,-2558.066333117879
의창구,2023,12,202312,50693,51833.91667,16691,16323.61429,-0.1072054682642328,-0.156418042686016,-5434.566802718755,-7929.299837882209,3.1055009692954463,-1749.9807137241726,-2553.307796803281
의창구,2024,1,202401,50394,49293.33333,15978,16334.77141,-0.1072355638184106,-0.1564606972694202,-5404.029003064984,-7884.680378195164,3.0850753117456695,-1751.668421996204,-2555.749724545191
의창구,2024,2,202402,50139,49293.33333,15978,16252.1154,-0.1072244489402074,-0.1564449441792238,-5376.126645413061,-7843.993056202104,3.085075312718983,-1742.624117877659,-2542.561286547304
의창구,2024,3,202403,49939,49293.33333,15978,16187.28717,-0.1076314228167857,-0.1570216833333821,-5375.005624047462,-7841.505843985773,3.0850753109855407,-1742.2607496510007,-2541.75508003426
의창구,2024,4,202404,49859,49293.33333,15978,16161.35587,-0.1071755483782508,-0.1563756363653938,-5343.665666591208,-7796.732853542173,3.0850753118154066,-1732.1021779033128,-2527.2423086988438
의창구,2024,5,202405,49631,49293.33333,15978,16087.45168,-0.1076460260454977,-0.1570423757161756,-5342.579918664101,-7794.170149169513,3.085075311318666,-1731.7502425509672,-2526.411631046381
의창구,2024,6,202406,49356,49293.33333,15978,15998.31285,-0.1080140479427957,-0.1575637969549138,-5331.141350264629,-7776.718762506728,3.0850753115507428,-1728.042531183746,-2520.754917518589
의창구,2024,7,202407,49103,49293.33333,15978,15916.30513,-0.0498046140416175,-0.0737688645427391,-2445.5559632855447,-3622.272555642119,3.0850753110687568,-792.7054339682669,-1174.127757155874
의창구,2024,8,202408,48955,49293.33333,15978,15868.33223,-0.0497519529647769,-0.0736918640560132,-2435.6068573906564,-3607.5852048621286,3.0850753116605247,-789.4805187364144,-1169.3669814888135
의창구,2024,9,202409,48699,49293.33333,15978,15785.35208,-0.0504783267750805,-0.0747537721141113,-2458.244035619649,-3640.4339481851102,3.085075312428508,-796.8181605539378,-1180.0146121293342
의창구,2024,10,202410,48536,49293.33333,15978,15732.51707,-0.0499664264977957,-0.0740054517062644,-2425.1704764970123,-3591.9286040152533,3.085075311473983,-786.0976578034712,-1164.2920322418668
의창구,2024,11,202411,48484,49293.33333,15978,15715.66173,-0.0491116013479381,-0.0727553777884185,-2381.126879753432,-3527.4717366936857,3.0850753110476883,-771.8213138028076,-1143.3989063611416
의창구,2024,12,202412,48425,49293.33333,15978,15696.5374,-0.0478794594491657,-0.0709525369230853,-2318.56282382585,-3435.876600500408,3.0850753109408706,-751.541725935613,-1113.70914943809
진해구,2020,1,202001,49575,48330.91667,16846,17279.63191,,,,,2.868984724802509,0.0,0.0
진해구,2020,2,202002,49108,48330.91667,16846,17116.85656,,,,,2.868984724377453,0.0,0.0
진해구,2020,3,202003,48801,48330.91667,16846,17009.85006,,,,,2.8689847251951615,0.0,0.0
진해구,2020,4,202004,48705,48330.91667,16846,16976.38875,,,,,2.8689847244455926,0.0,0.0
진해구,2020,5,202005,48484,48330.91667,16846,16899.35802,,,,,2.8689847237167414,0.0,0.0
진해구,2020,6,202006,48346,48330.91667,16846,16851.25738,,,,,2.868984723797507,0.0,0.0
진해구,2020,7,202007,48211,48330.91667,16846,16804.2024,,,,,2.8689847249161913,0.0,0.0
진해구,2020,8,202008,48019,48330.91667,16846,16737.27977,,,,,2.868984725108649,0.0,0.0
진해구,2020,9,202009,47884,48330.91667,16846,16690.2248,,,,,2.868984724519708,0.0,0.0
진해구,2020,10,202010,47706,48330.91667,16846,16628.18195,,,,,2.868984723853109,0.0,0.0
진해구,2020,11,202011,47580,48330.91667,16846,16584.26397,,,,,2.868984724680549,0.0,0.0
진해구,2020,12,202012,47552,48330.91667,16846,16574.50442,,,,,2.868984724672691,0.0,0.0
진해구,2021,1,202101,47386,46798.41667,17052,17266.0985,,,,,2.744453241709469,0.0,0.0
진해구,2021,2,202102,47098,46798.41667,17052,17161.15957,,,,,2.744453240929803,0.0,0.0
진해구,2021,3,202103,46880,46798.41667,17052,17081.72663,,,,,2.744453240322111,0.0,0.0
진해구,2021,4,202104,46786,46798.41667,17052,17047.47572,,,,,2.7444532415500635,0.0,0.0
진해구,2021,5,202105,46732,46798.41667,17052,17027.79967,,,,,2.744453241503281,0.0,0.0
진해구,2021,6,202106,46794,46798.41667,17052,17050.39069,,,,,2.7444532416166,0.0,0.0
진해구,2021,7,202107,46776,46798.41667,17052,17043.83201,,,,,2.7444532410643023,0.0,0.0
진해구,2021,8,202108,46714,46798.41667,17052,17021.24099,,,,,2.7444532409502065,0.0,0.0
진해구,2021,9,202109,46642,46798.41667,17052,16995.00626,,,,,2.7444532403484976,0.0,0.0
진해구,2021,10,202110,46623,46798.41667,17052,16988.0832,,,,,2.744453241199101,0.0,0.0
진해구,2021,11,202111,46613,46798.41667,17052,16984.43949,,,,,2.7444532407115663,0.0,0.0
진해구,2021,12,202112,46537,46798.41667,17052,16956.74727,,,,,2.7444532408838573,0.0,0.0
진해구,2022,1,202201,46281,45283.25,16440,16802.23129,-0.0337933868138768,-0.0502593897676603,-1563.9917351330364,-2326.054817837087,2.7544555958793735,-567.8043013191957,-844.4698913704879
진해구,2022,2,202202,46045,45283.25,16440,16716.55193,-0.034835183292774,-0.0517950390551628,-1603.9860147157797,-2384.9025732949717,2.754455595436899,-582.3241505047254,-865.8344600820075
진해구,2022,3,202203,45840,45283.25,16440,16642.12706,-0.0355064402954569,-0.0527840595764715,-1627.6152231437447,-2419.6212909854576,2.754455595413535,-590.9026908452978,-878.4390262142499
진해구,2022,4,202204,45675,45283.25,16440,16582.22411,-0.0357607300631884,-0.0531586366414948,-1633.3713456361336,-2428.020728600279,2.754455596366922,-592.9924402450057,-881.488426171326
진해구,2022,5,202205,45555,45283.25,16440,16538.65833,-0.0355937910342518,-0.0529127356126669,-1621.4751505653437,-2410.439670835043,2.7544555967618205,-588.6735485849089,-875.105655603522
진해구,2022,6,202206,45389,45283.25,16440,16478.39234,-0.0358453196686189,-0.05328322892356,-1626.9832144389443,-2418.4724776114685,2.754455596364324,-590.6732410522213,-878.0219513444588
진해구,2022,7,202207,45244,45283.25,16440,16425.75036,-0.0359061592130879,-0.0533728362909762,-1624.5382674369505,-2414.8006051489283,2.7544555961460504,-589.7856076205965,-876.6888849207237
진해구,2022,8,202208,45022,45283.25,16440,16345.15367,-0.0366043773751009,-0.0544010026896285,-1648.0022781817934,-2449.2419430924565,2.7544555963786177,-598.3041731906957,-889.1927487640619
진해구,2022,9,202209,44876,45283.25,16440,16292.14864,-0.0366551473972828,-0.0544757499405617,-1644.9363946004637,-2444.6537543326467,2.754455596471897,-597.1911098176407,-887.5270153071023
진해구,2022,10,202210,44760,45283.25,16440,16250.03506,-0.0364716605469582,-0.0542055981974346,-1632.4715260818523,-2426.2425753171747,2.7544555956176504,-592.6657625844907,-880.8428711565857
진해구,2022,11,202211,44497,45283.25,16440,16154.55339,-0.0374223628348998,-0.0556050594719906,-1665.182879064539,-2474.2583313251694,2.7544555968687168,-604.5415583963415,-898.2749019943986
진해구,2022,12,202212,44215,45283.25,16440,16052.17382,-0.0384710427050354,-0.057147945163528,-1700.9971532031416,-2526.796395405393,2.754455595597332,-617.5438645378717,-917.3487492207806
진해구,2023,1,202301,44007,42850.75,15167,15576.25407,-0.0389344422509582,-0.0578294606257575,-1713.388000137918,-2544.9010737577128,2.825262081770858,-606.4527645746678,-900.7663714378609
진해구,2023,2,202302,43668,42850.75,15167,15456.2652,-0.0383795626726827,-0.057013387300287,-1675.958742790709,-2489.660596628935,2.825262082071418,-593.2046989290048,-881.2140340635486
진해구,2023,3,202303,43419,42850.75,15167,15368.13178,-0.0382023790776854,-0.0567527499722331,-1658.709097174023,-2464.14765104439,2.8252620827018964,-587.0991959753843,-872.1837404506699
진해구,2023,4,202304,43278,42850.75,15167,15318.22491,-0.038613812304615,-0.0573579319960285,-1671.128568919129,-2482.336580924124,2.8252620818843948,-591.4950615146184,-878.6217026876508
진해구,2023,5,202305,43174,42850.75,15167,15281.41416,-0.0379271736659945,-0.0563478748032544,-1637.4677958556474,-2432.7631467557067,2.825262082943245,-579.5808487083077,-861.0752119043594
진해구,2023,6,202306,42998,42850.75,15167,15219.11906,-0.0383229855121851,-0.0569301648235298,-1647.8117310529374,-2447.8832270821367,2.825262081890829,-583.242079244601,-866.4269565547248
진해구,2023,7,202307,42801,42850.75,15167,15149.39101,-0.0388984918815272,-0.0577765947799723,-1664.894351021249,-2472.896033177595,2.825262082927781,-589.2884632125673,-875.2802255481256
진해구,2023,8,202308,42588,42850.75,15167,15073.99978,-0.0392183247852309,-0.0582468816946254,-1670.2300159534138,-2480.618197610708,2.8252620818334653,-591.1770191845393,-878.0134818504699
진해구,2023,9,202309,42349,42850.75,15167,14989.40586,-0.0401185935573605,-0.0595702296096186,-1698.982318560663,-2522.739653737741,2.8252620814685176,-601.353881363659,-892.9223487919636
진해구,2023,10,202310,42184,42850.75,15167,14931.00419,-0.0401760447711934,-0.0596546588261196,-1694.7862726280227,-2516.472127921031,2.8252620830588624,-599.8686928163163,-890.7039608858129
진해구,2023,11,202311,41937,42850.75,15167,14843.57868,-0.041208208396118,-0.0611710763972003,-1728.1486355080028,-2565.33143086939,2.8252620816100933,-611.677283589615,-907.9976854421338
진해구,2023,12,202312,41806,42850.75,15167,14797.2113,-0.0420196311865497,-0.0623626166162598,-1756.6727013848977,-2607.13155025936,2.8252620816464247,-621.773361415446,-922.7928152916884
진해구,2024,1,202401,41664,40853.66667,14514,14801.88549,-0.0419894226011303,-0.0623182656203455,-1749.4473032534956,-2596.428218806079,2.8147765383097827,-621.5226251331496,-922.4278316477593
진해구,2024,2,202402,41293,40853.66667,14514,14670.08107,-0.0428985145345703,-0.0636526506384399,-1771.408360676015,-2628.4089028131007,2.814776537564151,-629.324686004721,-933.7895451863013
진해구,2024,3,202403,41122,40853.66667,14514,14609.33024,-0.0427422849481272,-0.0634233785118864,-1757.6482416368892,-2608.0961711657924,2.814776538311725,-624.4361560193723,-926.573081616668
진해구,2024,4,202404,41011,40853.66667,14514,14569.8955,-0.0429642799083764,-0.0637491579209095,-1762.008083322428,-2614.4167154944203,2.8147765370039886,-625.985068497795,-928.818569120649
진해구,2024,5,202405,40929,40853.66667,14514,14540.76352,-0.0432343195608795,-0.0641453923740403,-1769.5374653072383,-2625.4067644770985,2.8147765379517016,-628.6600166828596,-932.7229814085325
진해구,2024,6,202406,40862,40853.66667,14514,14516.96057,-0.0441791873063199,-0.0655313751172358,-1805.249951710847,-2677.7430500404907,2.814776536931794,-641.3475201404916,-951.3163886747917
진해구,2024,7,202407,40776,40853.66667,14514,14486.40752,-0.0447277105319738,-0.066335664255097,-1823.8171246517672,-2704.9030456658384,2.8147765375027913,-647.9438422027697,-960.9654655092335
진해구,2024,8,202408,40729,40853.66667,14514,14469.70992,-0.0446726083111533,-0.0662548793508539,-1819.4706639049664,-2698.4949810809303,2.8147765383813583,-646.3996836321706,-958.6888849914544
진해구,2024,9,202409,40638,40853.66667,14514,14437.38054,-0.0448936764161653,-0.0665789713699286,-1824.3892222001284,-2705.6362385311595,2.814776537018536,-648.1470902598029,-961.2259456294247
진해구,2024,10,202410,40510,40853.66667,14514,14391.90623,-0.0457679277451271,-0.0678602807681127,-1854.0587529551017,-2749.019973916249,2.814776538465537,-658.6877244492856,-976.6387975561516
진해구,2024,11,202411,40407,40853.66667,14514,14355.31363,-0.0465091767811991,-0.0689462013037253,-1879.296306197914,-2785.9091560796287,2.814776537905567,-667.6538193672277,-989.7443433120918
진해구,2024,12,202412,40303,40853.66667,14514,14318.36576,-0.0468095910423613,-0.0693861842586875,-1886.5669477802903,-2796.4713841778857,2.814776537738061,-670.2368456205497,-993.4967649066433
