"관리번호",공원명,공원구분,소재지도로명주소,소재지지번주소,위도,경도,공원면적,공원보유시설(운동시설),공원보유시설(유희시설),공원보유시설(편익시설),공원보유시설(교양시설),공원보유시설(기타시설),지정고시일,관리기관명,전화번호,데이터기준일자
48121-00001,사화공원,근린공원,경상남도 창원시 의창구 사화로 213-4,경상남도 창원시 의창구 사화동 산 6-6,35.245934,128.630036,1281283.6,,,,,,1964-08-06,경상남도 창원시 의창구청,055-212-4501,2024-04-05
48121-00002,용동공원,근린공원,경상남도 창원시 의창구 창원대학로 20,경상남도 창원시 의창구 퇴촌동 산 73,35.2459596336,128.694817,184811,,,,,,1975-02-19,경상남도 창원시 의창구청,055-212-4501,2024-04-05
48121-00003,남산공원,근린공원,경상남도 창원시 의창구 팔용로 494-37,경상남도 창원시 의창구 서상동 산 33,35.257674,128.619197,126206,,,,,,1977-04-18,경상남도 창원시 의창구청,055-212-4501,2024-04-05
48121-00004,어린이공원27,어린이공원,,경상남도 창원시 의창구 도계동 305-4,35.260652,128.633595,1591.6,,,,,,1981-07-27,경상남도 창원시 의창구청,055-212-4501,2024-04-05
48121-00005,어린이공원28,어린이공원,,경상남도 창원시 의창구 도계동 398-1,35.257692,128.638075,1618.9,,,,,,1981-07-27,경상남도 창원시 의창구청,055-212-4501,2024-04-05
48121-00006,어린이공원29,어린이공원,,경상남도 창원시 의창구 도계동 413-4,35.257068,128.640606,1600,,,,,,1981-07-27,경상남도 창원시 의창구청,055-212-4501,2024-04-05
48121-00007,한들공원,근린공원,,경상남도 창원시 의창구 봉림동 602-6,35.255975,128.667911,35078,,,,,,1985-11-27,경상남도 창원시 의창구청,055-212-4501,2024-04-05
48121-00008,어린이공원31,어린이공원,,경상남도 창원시 의창구 팔용동 165-9,35.258761,128.610676,2745,,,,,,1986-03-22,경상남도 창원시 의창구청,055-212-4501,2024-04-05
48121-00009,어린이공원32,어린이공원,,경상남도 창원시 의창구 팔용동 182,35.260312,128.613588,4824.1,,,,,,1986-03-22,경상남도 창원시 의창구청,055-212-4501,2024-04-05
48121-00010,어린이공원39,어린이공원,,경상남도 창원시 의창구 팔용동 196,35.260889,128.616997,1921.2,,,,,,1987-03-13,경상남도 창원시 의창구청,055-212-4501,2024-04-05
48121-00011,어린이공원69,어린이공원,,경상남도 창원시 의창구 소답동 123-13,35.266306,128.626391,1602,,,,,,1996-01-24,경상남도 창원시 의창구청,055-212-4501,2024-04-05
48121-00012,어린이공원70,어린이공원,,경상남도 창원시 의창구 소답동 128-5,35.267244,128.627802,1596.6,,,,,,1996-01-24,경상남도 창원시 의창구청,055-212-4501,2024-04-05
48121-00013,어린이공원71,어린이공원,,경상남도 창원시 의창구 소답동 114-4,35.261833,128.626196,1601.6,,,,,,1996-01-24,경상남도 창원시 의창구청,055-212-4501,2024-04-05
48121-00014,어린이공원72,어린이공원,,경상남도 창원시 의창구 소답동 153-3,35.262893,128.630142,1601.2,,,,,,1996-01-24,경상남도 창원시 의창구청,055-212-4501,2024-04-05
48121-00015,어린이공원73,어린이공원,,경상남도 창원시 의창구 소답동 131-12,35.265872,128.627454,1516.8,,,,,,1996-01-24,경상남도 창원시 의창구청,055-212-4501,2024-04-05
48121-00016,도계체육공원,체육공원,경상남도 창원시 의창구 도계두리길 199,경상남도 창원시 의창구 도계동 378-4,35.258352,128.641193,37703,,,,,,1997-12-19,경상남도 창원시 의창구청,055-212-4501,2024-04-05
48121-00017,소계공원,체육공원,,경상남도 창원시 의창구 소계동 790-3,35.260552,128.594495,36747,,,,,,1997-12-19,경상남도 창원시 의창구청,055-212-4501,2024-04-05
48121-00018,어린이공원83,어린이공원,,경상남도 창원시 의창구 봉곡동 5,35.248737,128.655481,690.6,,,,,,1998-12-19,경상남도 창원시 의창구청,055-212-4501,2024-04-05
48121-00019,평산공원,근린공원,경상남도 창원시 의창구 반계로68번길 5,경상남도 창원시 의창구 팔용동 72-1,35.251463,128.6150603714,10777.5,,,,,,1999-08-10,경상남도 창원시 의창구청,055-212-4501,2024-04-05
48121-00020,어린이공원91,어린이공원,,경상남도 창원시 의창구 사림동 72-1,35.244308,128.683062,1252.8,,,,,,2000-04-06,경상남도 창원시 의창구청,055-212-4501,2024-04-05
48121-00021,어린이공원92,어린이공원,,경상남도 창원시 의창구 사림동 155,35.248535,128.686153,1800,,,,,,2000-04-06,경상남도 창원시 의창구청,055-212-4501,2024-04-05
48121-00022,어린이공원93,어린이공원,,경상남도 창원시 의창구 도계동 309-1,35.261897,128.635913,1602.1,,,,,,2000-04-06,경상남도 창원시 의창구청,055-212-4501,2024-04-05
48121-00023,어린이공원94,어린이공원,,경상남도 창원시 의창구 도계동 321-1,35.262883,128.639394,1592.3,,,,,,2000-04-06,경상남도 창원시 의창구청,055-212-4501,2024-04-05
48121-00024,어린이공원95,어린이공원,경상남도 창원시 의창구 하남천동길16번길 3-19,경상남도 창원시 의창구 도계동 358-1,35.260461,128.639848,1710.3,,,,,,2000-04-06,경상남도 창원시 의창구청,055-212-4501,2024-04-05
48121-00025,어린이공원96,어린이공원,,경상남도 창원시 의창구 도계동 341-3,35.259133,128.636174,1598.6,,,,,,2000-04-06,경상남도 창원시 의창구청,055-212-4501,2024-04-05
48121-00026,어린이공원97,어린이공원,,경상남도 창원시 의창구 도계동 419-3,35.255475,128.639977,1593.9,,,,,,2000-04-06,경상남도 창원시 의창구청,055-212-4501,2024-04-05
48121-00027,어린이공원98,어린이공원,,경상남도 창원시 의창구 도계동 406-3,35.255319,128.637489,1597,,,,,,2000-04-06,경상남도 창원시 의창구청,055-212-4501,2024-04-05
48121-00028,어린이공원99,어린이공원,,경상남도 창원시 의창구 명서동 9-2,35.250029,128.639159,1777.2,,,,,,2000-04-06,경상남도 창원시 의창구청,055-212-4501,2024-04-05
48121-00029,기쁨공원,어린이공원,,경상남도 창원시 의창구 명서동 87-1,35.246767,128.640949,1500,,,,,,2000-04-06,경상남도 창원시 의창구청,055-212-4501,2024-04-05
48121-00030,어린이공원101,어린이공원,,경상남도 창원시 의창구 명서동 114-1,35.242347,128.643173,1499.9,,,,,,2000-04-06,경상남도 창원시 의창구청,055-212-4501,2024-04-05
48121-00031,어린이공원102,어린이공원,,경상남도 창원시 의창구 명서동 153-22,35.249003,128.650552,1500.6,,,,,,2000-04-06,경상남도 창원시 의창구청,055-212-4501,2024-04-05
48121-00032,어린이공원103,어린이공원,,경상남도 창원시 의창구 봉곡동 47,35.244884,128.654655,1253.6,,,,,,2000-04-06,경상남도 창원시 의창구청,055-212-4501,2024-04-05
48121-00033,어린이공원104,어린이공원,경상남도 창원시 의창구 봉곡로24번길 9-20,경상남도 창원시 의창구 봉곡동 96-2,35.248349,128.664748,1421.3,,,,,,2000-04-06,경상남도 창원시 의창구청,055-212-4501,2024-04-05
48121-00034,어린이공원105,어린이공원,경상남도 창원시 의창구 봉곡로68번길 16,경상남도 창원시 의창구 봉곡동 106,35.247886,128.666457,8857.8,,,,,,2000-04-06,경상남도 창원시 의창구청,055-212-4501,2024-04-05
48121-00035,어린이공원106,어린이공원,,경상남도 창원시 의창구 봉곡동 124-10,35.247318,128.668137,2084.5,,,,,,2000-04-06,경상남도 창원시 의창구청,055-212-4501,2024-04-05
48121-00036,공룡어린이공원,어린이공원,,경상남도 창원시 의창구 사림동 117-1,35.247101,128.680975,1040.6,,,,,,2000-04-06,경상남도 창원시 의창구청,055-212-4501,2024-04-05
48121-00037,어린이공원110,어린이공원,,경상남도 창원시 의창구 사림동 50,35.242684,128.687526,1037.8,,,,,,2000-04-06,경상남도 창원시 의창구청,055-212-4501,2024-04-05
48121-00038,어린이공원111,어린이공원,,경상남도 창원시 의창구 사림동 26,35.240986,128.687499,1643.1,,,,,,2000-04-06,경상남도 창원시 의창구청,055-212-4501,2024-04-05
48121-00039,어린이공원115,어린이공원,경상남도 창원시 의창구 명서로123번길 9,경상남도 창원시 의창구 명서동 174-9,35.245941,128.648629,1507.3,,,,,,2000-04-06,경상남도 창원시 의창구청,055-212-4501,2024-04-05
48121-00040,어린이공원116,어린이공원,,경상남도 창원시 의창구 사림동 77-8,35.243386,128.680094,1143,,,,,,2000-04-06,경상남도 창원시 의창구청,055-212-4501,2024-04-05
48121-00041,어린이공원117,어린이공원,,경상남도 창원시 의창구 명서동 80-1,35.247327,128.644339,1500,,,,,,2000-04-06,경상남도 창원시 의창구청,055-212-4501,2024-04-05
48121-00042,어린이공원118,어린이공원,,경상남도 창원시 의창구 명서동 35,35.251725,128.647442,1500,,,,,,2000-04-06,경상남도 창원시 의창구청,055-212-4501,2024-04-05
48121-00043,어린이공원119,어린이공원,,경상남도 창원시 의창구 팔용동 93-5,35.253025,128.612921,1561.2,,,,,,2000-04-06,경상남도 창원시 의창구청,055-212-4501,2024-04-05
48121-00044,어린이공원120,어린이공원,,경상남도 창원시 의창구 팔용동 130-5,35.256889,128.611703,1595.6,,,,,,2000-04-06,경상남도 창원시 의창구청,055-212-4501,2024-04-05
48121-00045,어린이공원121,어린이공원,,경상남도 창원시 의창구 팔용동 140-1,35.255135,128.609201,1595.9,,,,,,2000-04-06,경상남도 창원시 의창구청,055-212-4501,2024-04-05
48121-00046,어린이공원122,어린이공원,,경상남도 창원시 의창구 도계동 892,35.253496,128.639565,1894.8,,,,,,2000-04-06,경상남도 창원시 의창구청,055-212-4501,2024-04-05
48121-00047,느티나무생태놀이터,어린이공원,,경상남도 창원시 의창구 서상동 672-5,35.258771,128.624765,3813.9,,,,,,2000-06-29,경상남도 창원시 의창구청,055-212-4501,2024-04-05
48121-00048,어린이공원138,어린이공원,,경상남도 창원시 의창구 서상동 694,35.256127,128.621673,1508.6,,,,,,2000-06-29,경상남도 창원시 의창구청,055-212-4501,2024-04-05
48121-00049,하늘길생태놀이터,어린이공원,,경상남도 창원시 의창구 중동 761-1,35.259973,128.629141,3182.5,,,,,,2000-06-29,경상남도 창원시 의창구청,055-212-4501,2024-04-05
48121-00050,어린이공원150,어린이공원,,경상남도 창원시 의창구 명서동 187-7,35.242654,128.647438,1016.7,,,,,,2003-10-25,경상남도 창원시 의창구청,055-212-4501,2024-04-05
48121-00051,달천공원,근린공원,,경상남도 창원시 의창구 북면 외감리 산112-2,35.283197,128.598252,246291,,,,,,2003-10-17,경상남도 창원시 의창구청,055-212-4501,2024-04-05
48121-00052,어린이공원151,어린이공원,,경상남도 창원시 의창구 봉곡동 157,35.247757,128.674078,504.2,,,,,,2003-10-25,경상남도 창원시 의창구청,055-212-4501,2024-04-05
48121-00053,어린이공원152,어린이공원,,경상남도 창원시 의창구 사림동 85-1,35.246181,128.678751,1013,,,,,,2003-10-25,경상남도 창원시 의창구청,055-212-4501,2024-04-05
48121-00054,어린이공원153,어린이공원,,경상남도 창원시 의창구 명서동 193,35.240835,128.647385,517.7,,,,,,2003-10-25,경상남도 창원시 의창구청,055-212-4501,2024-04-05
48121-00055,소공원3,소공원,경상남도 창원시 의창구 도계로 135,경상남도 창원시 의창구 명서동 26,35.253082,128.643022,8693,,,,,,2003-10-25,경상남도 창원시 의창구청,055-212-4501,2024-04-05
48121-00056,감계1호 근린공원,근린공원,경상남도 창원시 의창구 북면 감계로140번길 37,경상남도 창원시 의창구 북면 감계리 254-1,35.299273,128.587379,33794.7,,,,,,2004-12-02,경상남도 창원시 의창구청,055-212-4501,2024-04-05
48121-00057,감계3호 근린공원,근린공원,,경상남도 창원시 의창구 북면 감계리 237-1,35.300615,128.593886,13147,,,,,,2004-12-02,경상남도 창원시 의창구청,055-212-4501,2024-04-05
48121-00058,감계4호 근린공원,근린공원,,경상남도 창원시 의창구 북면 감계리 738-1,35.303262,128.586402,18807.4,,,,,,2004-12-02,경상남도 창원시 의창구청,055-212-4501,2024-04-05
48121-00059,무동1호 근린공원,근린공원,,경상남도 창원시 의창구 북면 무동리 148-2,35.3166099886,128.586879,10397.3,,,,,,2004-12-02,경상남도 창원시 의창구청,055-212-4501,2024-04-05
48121-00060,근린공원50,근린공원,,경상남도 창원시 의창구 북면 내곡리 산264,35.345175,128.572969,143380,,,,,,2004-12-02,경상남도 창원시 의창구청,055-212-4501,2024-04-05
48121-00061,근린공원51,근린공원,,경상남도 창원시 의창구 북면 내곡리 905,35.340435,128.570053,35258,,,,,,2004-12-02,경상남도 창원시 의창구청,055-212-4501,2024-04-05
48121-00062,내곡4호근린공원,근린공원,,경상남도 창원시 의창구 북면 내곡리 산312-1,35.339373,128.580906,31048,,,,,,2004-12-02,경상남도 창원시 의창구청,055-212-4501,2024-04-05
48121-00063,무성1호근린공원,근린공원,,경상남도 창원시 의창구 동읍 무성리 275,35.291593,128.697118,134372,,,,,,2004-12-02,경상남도 창원시 의창구청,055-212-4501,2024-04-05
48121-00064,제동1호근린공원,근린공원,경상남도 창원시 의창구 대산면 진산대로 430-51,경상남도 창원시 의창구 대산면 제동리 253-1,35.336113,128.710123,58143,,,,,,2004-12-02,경상남도 창원시 의창구청,055-212-4501,2024-04-05
48121-00065,어린이공원156,어린이공원,,경상남도 창원시 의창구 북면 감계리 266-2,35.298903,128.592165,1914.2,,,,,,2004-12-30,경상남도 창원시 의창구청,055-212-4501,2024-04-05
48121-00066,어린이공원157,어린이공원,,경상남도 창원시 의창구 북면 감계리 238-10,35.299798,128.595491,3196.6,,,,,,2004-12-30,경상남도 창원시 의창구청,055-212-4501,2024-04-05
48121-00067,어린이공원158,어린이공원,,경상남도 창원시 의창구 북면 동전리 467-7,35.316062,128.598566,1550.4,,,,,,2004-12-30,경상남도 창원시 의창구청,055-212-4501,2024-04-05
48121-00068,어린이공원159,어린이공원,,경상남도 창원시 의창구 북면 무동리 150-2,35.315362,128.582418,1500,,,,,,2004-12-30,경상남도 창원시 의창구청,055-212-4501,2024-04-05
48121-00069,어린이공원160,어린이공원,,경상남도 창원시 의창구 북면 내곡리 232-5,35.340254,128.5931202643,2746,,,,,,2004-12-30,경상남도 창원시 의창구청,055-212-4501,2024-04-05
48121-00070,어린이공원161,어린이공원,,경상남도 창원시 의창구 북면 내곡리 584,35.342581,128.582208,9397,,,,,,2004-12-30,경상남도 창원시 의창구청,055-212-4501,2024-04-05
48121-00071,어린이공원162,어린이공원,,경상남도 창원시 의창구 북면 내곡리 산288,35.342457,128.576309,1968,,,,,,2004-12-30,경상남도 창원시 의창구청,055-212-4501,2024-04-05
48121-00072,어린이공원163,어린이공원,,경상남도 창원시 의창구 북면 내곡리 1159,35.348063,128.571164,1529,,,,,,2004-12-30,경상남도 창원시 의창구청,055-212-4501,2024-04-05
48121-00073,어린이공원164,어린이공원,경상남도 창원시 의창구 북면 신리길35번길 1,경상남도 창원시 의창구 북면 신촌리 842-1,35.347868,128.604255,1754,,,,,,2004-12-30,경상남도 창원시 의창구청,055-212-4501,2024-04-05
48121-00074,어린이공원165,어린이공원,,경상남도 창원시 의창구 동읍 신방리 920-5,35.289261,128.678468,1590,,,,,,2004-12-30,경상남도 창원시 의창구청,055-212-4501,2024-04-05
48121-00075,어린이공원166,어린이공원,경상남도 창원시 의창구 대산면 대산북로524번길 15-11,경상남도 창원시 의창구 대산면 일동리 666-1,35.366243,128.695805,1500.6,,,,,,2005-02-24,경상남도 창원시 의창구청,055-212-4501,2024-04-05
48121-00076,소공원4,소공원,,경상남도 창원시 의창구 팔용동 214-1,35.254658,128.605407,1591.4,,,,,,2005-04-18,경상남도 창원시 의창구청,055-212-4501,2024-04-05
48121-00077,봉림공원,근린공원,,경상남도 창원시 의창구 봉림동 683,35.251643,128.668681,10764.3,,,,,,2005-12-29,경상남도 창원시 의창구청,055-212-4501,2024-04-05
48121-00078,어린이공원171,어린이공원,,경상남도 창원시 의창구 봉림동 791-14,35.252822,128.666924,1583.4,,,,,,2005-12-29,경상남도 창원시 의창구청,055-212-4501,2024-04-05
48121-00079,어린이공원172,어린이공원,,경상남도 창원시 의창구 봉림동 531,35.254114,128.668875,2677.4,,,,,,2005-12-29,경상남도 창원시 의창구청,055-212-4501,2024-04-05
48121-00080,빛고운 놀이터,어린이공원,,경상남도 창원시 의창구 봉림동 699,35.252141,128.670914,1869.6,,,,,,2005-12-29,경상남도 창원시 의창구청,055-212-4501,2024-04-05
48121-00081,어린이공원174,어린이공원,,경상남도 창원시 의창구 봉림동 791-19,35.250947,128.664317,1506.7,,,,,,2005-12-29,경상남도 창원시 의창구청,055-212-4501,2024-04-05
48121-00082,어린이공원177,어린이공원,,경상남도 창원시 의창구 명서동 25-2,35.252279,128.641471,1507,,,,,,2006-05-25,경상남도 창원시 의창구청,055-212-4501,2024-04-05
48121-00083,어린이공원194,어린이공원,,경상남도 창원시 의창구 북면 감계리 228,35.302904,128.593025,5670.4,,,,,,2007-08-30,경상남도 창원시 의창구청,055-212-4501,2024-04-05
48121-00084,소공원15,소공원,,경상남도 창원시 의창구 북면 감계리 278-1,35.297255,128.593472,1446.2,,,,,,2007-08-30,경상남도 창원시 의창구청,055-212-4501,2024-04-05
48121-00085,어린이공원196,어린이공원,,경상남도 창원시 의창구 북면 무동리 124-3,35.317569,128.582194,1467.2,,,,,,2007-12-20,경상남도 창원시 의창구청,055-212-4501,2024-04-05
48121-00086,어린이공원199,어린이공원,,경상남도 창원시 의창구 북면 감계리 231-6,35.304503,128.599614,5849,,,,,,2008-05-08,경상남도 창원시 의창구청,055-212-4501,2024-04-05
48121-00087,소공원28,소공원,,경상남도 창원시 의창구 북면 고암리 39-3,35.308145,128.638322,750,,,,,,2009-01-08,경상남도 창원시 의창구청,055-212-4501,2024-04-05
48121-00088,가술공원,근린공원,경상남도 창원시 의창구 대산면 주남로503번길 80,경상남도 창원시 의창구 대산면 가술리 699-1,35.333417,128.698647,14219.3,,,,,,2009-08-27,경상남도 창원시 의창구청,055-212-4501,2024-04-05
48121-00089,어린이공원206,어린이공원,,경상남도 창원시 의창구 명서동 111-4,35.242765,128.641215,1607,,,,,,2009-11-12,경상남도 창원시 의창구청,055-212-4501,2024-04-05
48121-00090,어린이공원207,어린이공원,,경상남도 창원시 의창구 명서동 111-3,35.242526,128.641597,2732,,,,,,2009-11-12,경상남도 창원시 의창구청,055-212-4501,2024-04-05
48121-00091,어린이공원209,어린이공원,,경상남도 창원시 의창구 대산면 일동리 840-2,35.366469,128.693606,1496.2,,,,,,2009-12-31,경상남도 창원시 의창구청,055-212-4501,2024-04-05
48121-00092,소공원34,소공원,,경상남도 창원시 의창구 대산면 일동리 843-1,35.3670101284,128.693742,388.1,,,,,,2009-12-31,경상남도 창원시 의창구청,055-212-4501,2024-04-05
48121-00093,소공원36,소공원,경상남도 창원시 의창구 대산면 봉강가술로 390,경상남도 창원시 의창구 대산면 대방리 529,35.344225,128.693424,595,,,,,,2010-08-12,경상남도 창원시 의창구청,055-212-4501,2024-04-05
48121-00094,소공원37,소공원,,경상남도 창원시 의창구 대산면 대방리 526,35.344224,128.692046,570,,,,,,2010-08-12,경상남도 창원시 의창구청,055-212-4501,2024-04-05
48121-00095,소공원38,소공원,경상남도 창원시 의창구 대산면 봉강가술로358번길 1-10,경상남도 창원시 의창구 대산면 대방리 442,35.344733,128.690558,815,,,,,,2010-08-12,경상남도 창원시 의창구청,055-212-4501,2024-04-05
48121-00096,어린이공원214,어린이공원,,경상남도 창원시 의창구 대산면 제동리 823-2,35.331214,128.707658,2643,,,,,,2011-12-05,경상남도 창원시 의창구청,055-212-4501,2024-04-05
48121-00097,창원중앙역세권2호근린공원,근린공원,,경상남도 창원시 의창구 사림동 169,35.237602,128.700461,40486.5,,,,,,2013-10-10,경상남도 창원시 의창구청,055-212-4501,2024-04-05
48121-00098,창원중앙역세권1호근린공원,근린공원,,경상남도 창원시 의창구 사림동 518-2,35.236125,128.695453,15638.4,,,,,,2013-10-10,경상남도 창원시 의창구청,055-212-4501,2024-04-05
48121-00099,소공원50,소공원,,경상남도 창원시 의창구 사림동 164-3,35.238522,128.700058,3848.5,,,,,,2013-10-10,경상남도 창원시 의창구청,055-212-4501,2024-04-05
48121-00100,소공원63,소공원,,경상남도 창원시 의창구 북면 동전리 156,35.316873,128.601892,1450,,,,,,2014-08-21,경상남도 창원시 의창구청,055-212-4501,2024-04-05
48121-00101,소공원64,소공원,,경상남도 창원시 의창구 북면 화천리 687-10,35.315602,128.603373,2980.3,,,,,,2014-08-21,경상남도 창원시 의창구청,055-212-4501,2024-04-05
48121-00102,소공원65,소공원,경상남도 창원시 의창구 북면 천주로 690,경상남도 창원시 의창구 북면 화천리 637-4,35.316218,128.605181,2559.9,,,,,,2014-08-21,경상남도 창원시 의창구청,055-212-4501,2024-04-05
48121-00103,어린이공원218,어린이공원,경상남도 창원시 의창구 북면 동곡로 63,경상남도 창원시 의창구 북면 무동리 121-4,35.320308,128.582229,10114,,,,,,2014-12-08,경상남도 창원시 의창구청,055-212-4501,2024-04-05
48121-00104,어린이공원219,어린이공원,,경상남도 창원시 의창구 북면 내곡리 218,35.339583,128.591749,1704,,,,,,2015-01-15,경상남도 창원시 의창구청,055-212-4501,2024-04-05
48121-00105,어린이공원220,어린이공원,,경상남도 창원시 의창구 북면 마산리 925,35.335028,128.614007,5491,,,,,,2015-03-11,경상남도 창원시 의창구청,055-212-4501,2024-04-05
48121-00106,중동1호문화공원,문화공원,,경상남도 창원시 의창구 중동 793-1,35.258328,128.628492,9161.7,,,,,,2015-08-31,경상남도 창원시 의창구청,055-212-4501,2024-04-05
48121-00107,중동2호문화공원,문화공원,,경상남도 창원시 의창구 중동 775-5,35.259629,128.628138,3778.8,,,,,,2015-08-31,경상남도 창원시 의창구청,055-212-4501,2024-04-05
48121-00108,중동1근린공원,근린공원,,경상남도 창원시 의창구 중동 793-3,35.253611,128.628573,18287.2,,,,,,2015-08-31,경상남도 창원시 의창구청,055-212-4501,2024-04-05
48121-00109,중동2근린공원,근린공원,,경상남도 창원시 의창구 중동 793-2,35.256233,128.628451,17810.2,,,,,,2015-08-31,경상남도 창원시 의창구청,055-212-4501,2024-04-05
48121-00110,공원80,근린공원,,경상남도 창원시 의창구 북면 감계리 286,35.299142,128.585235,28002.2,,,,,,2015-12-24,경상남도 창원시 의창구청,055-212-4501,2024-04-05
48121-00111,어린이공원226,어린이공원,,경상남도 창원시 의창구 동읍 화양리 184-2,35.306164,128.654688,1609,,,,,,2016-06-02,경상남도 창원시 의창구청,055-212-4501,2024-04-05
48121-00112,어린이공원227,어린이공원,경상남도 창원시 의창구 동읍 동읍로 553,경상남도 창원시 의창구 동읍 석산리 163-2,35.313941,128.660097,1953,,,,,,2016-06-02,경상남도 창원시 의창구청,055-212-4501,2024-04-05
48121-00113,어린이공원228,어린이공원,경상남도 창원시 의창구 동읍 주남로 49-8,경상남도 창원시 의창구 동읍 월잠리 468-3,35.303106,128.672536,2866,,,,,,2016-06-02,경상남도 창원시 의창구청,055-212-4501,2024-04-05
48121-00114,어린이공원229,어린이공원,경상남도 창원시 의창구 동읍 주남로128번길 68-7,경상남도 창원시 의창구 동읍 월잠리 176-2,35.303449,128.685664,1948,,,,,,2016-06-02,경상남도 창원시 의창구청,055-212-4501,2024-04-05
48121-00115,어린이공원230,어린이공원,경상남도 창원시 의창구 대산면 제동길43번길 27-1,경상남도 창원시 의창구 대산면 제동리 212,35.336056,128.712159,1734,,,,,,2016-06-02,경상남도 창원시 의창구청,055-212-4501,2024-04-05
48121-00116,단감테마공원,문화공원,,경상남도 창원시 의창구 동읍 화양리 672,35.297166,128.663379,107824.2,,,,,,2016-06-02,경상남도 창원시 의창구청,055-212-4501,2024-04-05
48121-00117,소공원92,소공원,,경상남도 창원시 의창구 사림동 512-1,35.233116,128.694182,3302,,,,,,2017-05-25,경상남도 창원시 의창구청,055-212-4501,2024-04-05
48121-00118,지귀문화공원,문화공원,경상남도 창원시 의창구 봉곡로93번길 39-2,경상남도 창원시 의창구 봉림동 246-5,35.251083,128.6740097273,3206,,,,,,2017-05-25,경상남도 창원시 의창구청,055-212-4501,2024-04-05
48121-00119,소공원106,소공원,,경상남도 창원시 의창구 북동 4,35.266865,128.621763,1000,,,,,,2018-07-26,경상남도 창원시 의창구청,055-212-4501,2024-04-05
48121-00120,갓골소공원,소공원,,경상남도 창원시 의창구 동정동 385-5,35.265246,128.614261,907,,,,,,2019-10-24,경상남도 창원시 의창구청,055-212-4501,2024-04-05
48121-00121,어린이공원235,어린이공원,,경상남도 창원시 의창구 명곡동 산 21-17,35.255298,128.646013,6826,,,,,,2019-12-18,경상남도 창원시 의창구청,055-212-4501,2024-04-05
48121-00122,어린이공원236,어린이공원,,경상남도 창원시 의창구 명곡동 16-2,35.2540999994,128.650594,6649,,,,,,2019-12-18,경상남도 창원시 의창구청,055-212-4501,2024-04-05
48121-00123,소공원108,소공원,,경상남도 창원시 의창구 명곡동 248-5,35.254339,128.644979,747,,,,,,2019-12-18,경상남도 창원시 의창구청,055-212-4501,2024-04-05
48121-00124,창원읍성 동문지 역사공원,역사공원,경상남도 창원시 의창구 의안로43번길 4-9,경상남도 창원시 의창구 북동 49-15,35.265966,128.623156,13183,,,,,,2020-01-15,경상남도 창원시 의창구청,055-212-4501,2024-04-05
48121-00125,공원12,문화공원,경상남도 창원시 의창구 동읍 의창대로626번길 37,경상남도 창원시 의창구 동읍 덕산리 산 99-3,35.269122,128.665185,3890,,,,,,2020-09-29,경상남도 창원시 의창구청,055-212-4501,2024-04-05
48121-00126,공원112,소공원,,경상남도 창원시 의창구 동읍 덕산리 648-1,35.268094,128.668483,4947,,,,,,2020-09-29,경상남도 창원시 의창구청,055-212-4501,2024-04-05
48121-00127,어린이공원240,어린이공원,,경상남도 창원시 의창구 소계동 706-1,35.258482,128.600788,1424,,,,,,2021-06-15,경상남도 창원시 의창구청,055-212-4501,2024-04-05
48123-00001,반송공원,근린공원,,경상남도 창원시 성산구 반송동 산45-4,35.240306,128.6743398493,610060,,,,,,1974-08-14,경상남도 창원시 성산구청,055-272-4501,2024-04-05
48123-00002,가음정공원,근린공원,,경상남도 창원시 성산구 가음정동 산77-1,35.212846,128.694976,835106,,,,,,1975-02-19,경상남도 창원시 성산구청,055-272-4501,2024-04-05
48123-00003,삼정자 공원,근린공원,,경상남도 창원시 성산구 남산동 산53,35.200037,128.703575,118756,,,,,,1977-04-18,경상남도 창원시 성산구청,055-272-4501,2024-04-05
48123-00004,대상공원,근린공원,,경상남도 창원시 성산구 두대동 산36-10,35.232092,128.656686,927130.8,,,,,,1977-04-18,경상남도 창원시 성산구청,055-272-4501,2024-04-05
48123-00005,용지공원,근린공원,,경상남도 창원시 성산구 용호동 3,35.231421,128.684873,325000,,,,,,1977-04-18,경상남도 창원시 성산구청,055-272-4501,2024-04-05
48123-00006,덕정공원,근린공원,,경상남도 창원시 성산구 대원동 89,35.222311,128.642969,103500,,,,,,1985-11-27,경상남도 창원시 성산구청,055-272-4501,2024-04-05
48123-00007,어린이공원33,어린이공원,,경상남도 창원시 성산구 사파동 44-5,35.228469,128.701897,1417.4,,,,,,1986-03-22,경상남도 창원시 성산구청,055-272-4501,2024-04-05
48123-00008,어린이공원30,어린이공원,,경상남도 창원시 성산구 대원동 99-1,35.233153,128.652634,2995,,,,,,1986-03-22,경상남도 창원시 성산구청,055-272-4501,2024-04-05
48123-00009,상남단정공원,근린공원,,경상남도 창원시 성산구 상남동 89-1,35.216266,128.686585,13313.2,,,,,,1994-03-23,경상남도 창원시 성산구청,055-272-4501,2024-04-05
48123-00010,어린이공원60,어린이공원,,경상남도 창원시 성산구 상남동 85-4,35.218134,128.685618,1659.5,,,,,,1994-04-01,경상남도 창원시 성산구청,055-272-4501,2024-04-05
48123-00011,어린이공원74,어린이공원,,경상남도 창원시 성산구 안민동 194,35.187024,128.688903,1580,,,,,,1996-04-27,경상남도 창원시 성산구청,055-272-4501,2024-04-05
48123-00012,대방체육공원,체육공원,경상남도 창원시 성산구 비음로 213,경상남도 창원시 성산구 대방동 250-1,35.216272,128.711179,532957.4,,,,,,1997-02-28,경상남도 창원시 성산구청,055-272-4501,2024-04-05
48123-00013,어린이공원80,어린이공원,,경상남도 창원시 성산구 대방동 333-3,35.215783,128.705849,508.2,,,,,,1998-05-08,경상남도 창원시 성산구청,055-272-4501,2024-04-05
48123-00014,어린이공원81,어린이공원,,경상남도 창원시 성산구 가음동 35-3,35.206583,128.702162,807.8,,,,,,1998-05-08,경상남도 창원시 성산구청,055-272-4501,2024-04-05
48123-00015,어린이공원82,어린이공원,,경상남도 창원시 성산구 가음동 42-2,35.205171,128.702336,330.3,,,,,,1998-05-08,경상남도 창원시 성산구청,055-272-4501,2024-04-05
48123-00016,어린이공원84,어린이공원,,경상남도 창원시 성산구 성주동 161,35.195808,128.716264,10689.8,,,,,,1999-06-01,경상남도 창원시 성산구청,055-272-4501,2024-04-05
48123-00017,불모산 공원,근린공원,,경상남도 창원시 성산구 성주동 174-1,35.194644,128.721382,91488.1,,,,,,1999-06-25,경상남도 창원시 성산구청,055-272-4501,2024-04-05
48123-00018,어린이공원85,어린이공원,,경상남도 창원시 성산구 성주동 155-2,35.198161,128.716759,3915.3,,,,,,1999-06-25,경상남도 창원시 성산구청,055-272-4501,2024-04-05
48123-00019,어린이공원86,어린이공원,,경상남도 창원시 성산구 성주동 172,35.1928398559,128.721634,1521.2,,,,,,1999-06-25,경상남도 창원시 성산구청,055-272-4501,2024-04-05
48123-00020,제73호소공원,소공원,,경상남도 창원시 성산구 성주동 118-7,35.198227,128.709543,1130.6,,,,,,1999-06-25,경상남도 창원시 성산구청,055-272-4501,2024-04-05
48123-00021,어린이공원90,어린이공원,,경상남도 창원시 성산구 대방동 370-3,35.206503,128.711042,2092.8,,,,,,2000-02-25,경상남도 창원시 성산구청,055-272-4501,2024-04-05
48123-00022,어린이공원123,어린이공원,,경상남도 창원시 성산구 남양동 33,35.207821,128.703069,1337.5,,,,,,2000-04-06,경상남도 창원시 성산구청,055-272-4501,2024-04-05
48123-00023,어린이공원124,어린이공원,,경상남도 창원시 성산구 남양동 21,35.212374,128.700963,3421.4,,,,,,2000-04-06,경상남도 창원시 성산구청,055-272-4501,2024-04-05
48123-00024,어린이공원125,어린이공원,,경상남도 창원시 성산구 사파동 18-1,35.229789,128.697457,1362.4,,,,,,2000-04-06,경상남도 창원시 성산구청,055-272-4501,2024-04-05
48123-00025,어린이공원126,어린이공원,,경상남도 창원시 성산구 반지동 51,35.241141,128.663544,5063.4,,,,,,2000-04-06,경상남도 창원시 성산구청,055-272-4501,2024-04-05
48123-00026,어린이공원127,어린이공원,,경상남도 창원시 성산구 반지동 53-3,35.2411097950,128.664834,1648.5,,,,,,2000-04-06,경상남도 창원시 성산구청,055-272-4501,2024-04-05
48123-00027,어린이공원128,어린이공원,,경상남도 창원시 성산구 반지동 64-1,35.238833,128.664043,2231.2,,,,,,2000-04-06,경상남도 창원시 성산구청,055-272-4501,2024-04-05
48123-00028,어린이공원129,어린이공원,,경상남도 창원시 성산구 중앙동 37-4,35.224774,128.673283,1247.3,,,,,,2000-04-06,경상남도 창원시 성산구청,055-272-4501,2024-04-05
48123-00029,어린이공원130,어린이공원,경상남도 창원시 성산구 외동반림로54번길 13-14,경상남도 창원시 성산구 중앙동 34-1,35.224366,128.674497,2882.4,,,,,,2000-04-06,경상남도 창원시 성산구청,055-272-4501,2024-04-05
48123-00030,어린이공원131,어린이공원,,경상남도 창원시 성산구 중앙동 20-2,35.227394,128.675104,5403.4,,,,,,2000-04-06,경상남도 창원시 성산구청,055-272-4501,2024-04-05
48123-00031,어린이공원132,어린이공원,,경상남도 창원시 성산구 사파동 72-1,35.221795,128.702275,2936.2,,,,,,2000-04-06,경상남도 창원시 성산구청,055-272-4501,2024-04-05
48123-00032,어린이공원133,어린이공원,,경상남도 창원시 성산구 사파동 109-1,35.220745,128.699059,1495.1,,,,,,2000-04-06,경상남도 창원시 성산구청,055-272-4501,2024-04-05
48123-00033,어린이공원134,어린이공원,경상남도 창원시 성산구 창이대로684번길 30,경상남도 창원시 성산구 사파동 115,35.222356,128.696864,3686.1,,,,,,2000-04-06,경상남도 창원시 성산구청,055-272-4501,2024-04-05
48123-00034,어린이공원135,어린이공원,,경상남도 창원시 성산구 상남동 42-1,35.220407,128.685959,4666.7,,,,,,2000-04-06,경상남도 창원시 성산구청,055-272-4501,2024-04-05
48123-00035,어린이공원136,어린이공원,,경상남도 창원시 성산구 상남동 48,35.214621,128.6883797743,436.6,,,,,,2000-04-06,경상남도 창원시 성산구청,055-272-4501,2024-04-05
48123-00036,어린이공원107,어린이공원,,경상남도 창원시 성산구 신월동 18,35.227781,128.695847,3566.4,,,,,,2000-04-06,경상남도 창원시 성산구청,055-272-4501,2024-04-05
48123-00037,어린이공원(용호),어린이공원,,경상남도 창원시 성산구 용호동 35,35.239583,128.683782,3724.4,,,,,,2000-04-06,경상남도 창원시 성산구청,055-272-4501,2024-04-05
48123-00038,어린이공원112,어린이공원,,경상남도 창원시 성산구 용호동 22-1,35.237652,128.685844,2386.8,,,,,,2000-04-06,경상남도 창원시 성산구청,055-272-4501,2024-04-05
48123-00039,어린이공원113,어린이공원,,경상남도 창원시 성산구 신월동 23,35.227285,128.694591,2498.1,,,,,,2000-04-06,경상남도 창원시 성산구청,055-272-4501,2024-04-05
48123-00040,어린이공원114,어린이공원,,경상남도 창원시 성산구 신월동 43,35.229935,128.689651,1940,,,,,,2000-04-06,경상남도 창원시 성산구청,055-272-4501,2024-04-05
48123-00041,어린이공원142,어린이공원,,경상남도 창원시 성산구 사파동 33-21,35.230242,128.701177,1253.5,,,,,,2001-02-15,경상남도 창원시 성산구청,055-272-4501,2024-04-05
48123-00042,어린이공원143,어린이공원,,경상남도 창원시 성산구 신촌동 34-4,35.201495,128.628225,781.7,,,,,,2001-04-12,경상남도 창원시 성산구청,055-272-4501,2024-04-05
48123-00043,어린이공원144,어린이공원,,경상남도 창원시 성산구 신촌동 33-3,35.201192,128.628242,779.7,,,,,,2001-04-12,경상남도 창원시 성산구청,055-272-4501,2024-04-05
48123-00044,어린이공원232,어린이공원,,경상남도 창원시 성산구 신촌동 22-2,35.201383,128.628745,1787,,,,,,2001-04-12,경상남도 창원시 성산구청,055-272-4501,2024-04-05
48123-00045,어린이공원155,어린이공원,,경상남도 창원시 성산구 남양동 41-1,35.205049,128.704205,1382.4,,,,,,2004-11-02,경상남도 창원시 성산구청,055-272-4501,2024-04-05
48123-00046,창원묘지공원,묘지공원,경상남도 창원시 성산구 공단로474번길 160,경상남도 창원시 성산구 상복동 591,35.191857,128.663619,276107,,,,,,2006-05-04,경상남도 창원시 성산구청,055-272-4501,2024-04-05
48123-00047,어린이공원193,어린이공원,,경상남도 창원시 성산구 성주동 177-1,35.190439,128.723494,2564.6,,,,,,2007-08-23,경상남도 창원시 성산구청,055-272-4501,2024-04-05
48123-00048,어린이공원200,어린이공원,,경상남도 창원시 성산구 성주동 167,35.194803,128.715092,2429.2,,,,,,2008-06-12,경상남도 창원시 성산구청,055-272-4501,2024-04-05
48123-00049,소공원22,소공원,,경상남도 창원시 성산구 성주동 165,35.194913,128.714545,708.9,,,,,,2008-06-12,경상남도 창원시 성산구청,055-272-4501,2024-04-05
48123-00050,신촌공원,근린공원,,경상남도 창원시 성산구 양곡동 811-15,35.210898,128.621889,42000,,,,,,2009-06-11,경상남도 창원시 성산구청,055-272-4501,2024-04-05
48123-00051,소공원30,소공원,,경상남도 창원시 성산구 사파동 24-5,35.228244,128.699052,529.2,,,,,,2009-11-12,경상남도 창원시 성산구청,055-272-4501,2024-04-05
48123-00052,소공원31,소공원,,경상남도 창원시 성산구 상남동 65-3,35.216176,128.677941,2724,,,,,,2009-11-12,경상남도 창원시 성산구청,055-272-4501,2024-04-05
48123-00053,어린이공원208,어린이공원,,경상남도 창원시 성산구 성주동 111-2,35.199949,128.710899,2589.2,,,,,,2009-12-31,경상남도 창원시 성산구청,055-272-4501,2024-04-05
48123-00054,소공원39,소공원,,경상남도 창원시 성산구 불모산동 584,35.189242,128.725253,866.4,,,,,,2010-08-12,경상남도 창원시 성산구청,055-272-4501,2024-04-05
48123-00055,소공원40,소공원,,경상남도 창원시 성산구 성주동 83-1,35.186373,128.707154,1242.1,,,,,,2011-01-10,경상남도 창원시 성산구청,055-272-4501,2024-04-05
48123-00056,소공원41,소공원,,경상남도 창원시 성산구 성주동 88-1,35.185986,128.706584,1245.7,,,,,,2011-01-10,경상남도 창원시 성산구청,055-272-4501,2024-04-05
48123-00057,소공원42,소공원,,경상남도 창원시 성산구 성주동 86-1,35.184237,128.706842,2261.1,,,,,,2011-01-10,경상남도 창원시 성산구청,055-272-4501,2024-04-05
48123-00058,소공원43,소공원,,경상남도 창원시 성산구 가음동 12-3,35.209662,128.692305,1158.9,,,,,,2011-08-05,경상남도 창원시 성산구청,055-272-4501,2024-04-05
48123-00059,소공원44,소공원,,경상남도 창원시 성산구 가음동 12-6,35.209321,128.689327,1662.1,,,,,,2011-08-05,경상남도 창원시 성산구청,055-272-4501,2024-04-05
48123-00060,소공원45,소공원,경상남도 창원시 성산구 원이대로878번길 9,경상남도 창원시 성산구 가음동 13-2,35.209156,128.692851,709,,,,,,2011-08-05,경상남도 창원시 성산구청,055-272-4501,2024-04-05
48123-00061,소공원46,소공원,경상남도 창원시 성산구 원이대로878번길 9,경상남도 창원시 성산구 가음동 13-4,35.209156,128.692851,694,,,,,,2011-08-05,경상남도 창원시 성산구청,055-272-4501,2024-04-05
48123-00062,어린이공원213,어린이공원,,경상남도 창원시 성산구 용호동 69-1,35.231948,128.676648,2843,,,,,,2011-09-19,경상남도 창원시 성산구청,055-272-4501,2024-04-05
48123-00063,소공원47,소공원,,경상남도 창원시 성산구 용호동 74-1,35.230415,128.676239,1503.8,,,,,,2011-11-18,경상남도 창원시 성산구청,055-272-4501,2024-04-05
48123-00064,어린이공원215,어린이공원,,경상남도 창원시 성산구 대원동 42-1,35.234293,128.650424,4600.4,,,,,,2012-03-21,경상남도 창원시 성산구청,055-272-4501,2024-04-05
48123-00066,소공원49,소공원,,경상남도 창원시 성산구 성주동 80,35.188255,128.707904,4208.2,,,,,,2013-05-16,경상남도 창원시 성산구청,055-272-4501,2024-04-05
48123-00067,소공원59,소공원,,경상남도 창원시 성산구 대원동 14-1,35.233931,128.654649,3091,,,,,,2014-04-09,경상남도 창원시 성산구청,055-272-4501,2024-04-05
48123-00068,소공원61,소공원,,경상남도 창원시 성산구 대원동 1-1,35.235918,128.651263,687.9,,,,,,2014-04-09,경상남도 창원시 성산구청,055-272-4501,2024-04-05
48123-00069,소공원60,소공원,,경상남도 창원시 성산구 대원동 33-1,35.233458,128.651808,1161.8,,,,,,2014-04-09,경상남도 창원시 성산구청,055-272-4501,2024-04-05
48123-00070,소공원62,소공원,,경상남도 창원시 성산구 대원동 12-5,35.234257,128.653977,2157.3,,,,,,2014-04-09,경상남도 창원시 성산구청,055-272-4501,2024-04-05
48123-00071,상복제3공원,소공원,,경상남도 창원시 성산구 완암동 309,35.203899,128.653906,1009.8,,,,,,2015-12-28,경상남도 창원시 성산구청,055-272-4501,2024-04-05
48123-00072,상복제1공원,소공원,,경상남도 창원시 성산구 창곡동 31,35.206009,128.651981,1301.8,,,,,,2015-12-28,경상남도 창원시 성산구청,055-272-4501,2024-04-05
48123-00073,상복제2공원,소공원,,경상남도 창원시 성산구 완암동 311,35.204085,128.652927,3583.5,,,,,,2015-12-28,경상남도 창원시 성산구청,055-272-4501,2024-04-05
48123-00074,기업사랑공원,근린공원,,경상남도 창원시 성산구 가음동 49,35.208836,128.687754,63214.2,,,,,,2016-01-07,경상남도 창원시 성산구청,055-272-4501,2024-04-05
48123-00075,창원수목원,근린공원,,경상남도 창원시 성산구 삼동동 147-5,35.228112,128.654723,96618,,,,,,2016-01-11,경상남도 창원시 성산구청,055-272-4501,2024-04-05
48123-00076,소공원88,소공원,경상남도 창원시 성산구 원이대로 850,경상남도 창원시 성산구 가음동 14-5,35.210779,128.695508,902,,,,,,2016-01-11,경상남도 창원시 성산구청,055-272-4501,2024-04-05
48123-00077,소공원89,소공원,경상남도 창원시 성산구 신촌로 62,경상남도 창원시 성산구 신촌동 34-1,35.202981,128.627753,426.1,,,,,,2016-11-15,경상남도 창원시 성산구청,055-272-4501,2024-04-05
48123-00078,소공원95,소공원,,경상남도 창원시 성산구 신월동 13-67,35.230249,128.695104,1250,,,,,,2017-08-31,경상남도 창원시 성산구청,055-272-4501,2024-04-05
48123-00079,소공원96,소공원,,경상남도 창원시 성산구 신월동 12-17,35.232539,128.693495,1730,,,,,,2017-08-31,경상남도 창원시 성산구청,055-272-4501,2024-04-05
48123-00080,대원1공원,소공원,,경상남도 창원시 성산구 대원동 37-1,35.235456,128.650706,2619.4,,,,,,2017-12-15,경상남도 창원시 성산구청,055-272-4501,2024-04-05
48123-00081,소공원101,소공원,,경상남도 창원시 성산구 신월동 93,35.225251,128.687491,7495,,,,,,2017-12-15,경상남도 창원시 성산구청,055-272-4501,2024-04-05
48123-00082,소공원105,소공원,,경상남도 창원시 성산구 신월동 90,35.222416,128.691736,4988,,,,,,2018-01-15,경상남도 창원시 성산구청,055-272-4501,2024-04-05
48123-00083,공원90,근린공원,,경상남도 창원시 성산구 토월동 산 66-3,35.229641,128.706276,30280.8,,,,,,2018-01-25,경상남도 창원시 성산구청,055-272-4501,2024-04-05
48123-00084,공원86,근린공원,,경상남도 창원시 성산구 남산동 81-2,35.204717,128.712319,17290.3,,,,,,2018-01-25,경상남도 창원시 성산구청,055-272-4501,2024-04-05
48123-00085,공원87,근린공원,경상남도 창원시 성산구 대암로 185-25,경상남도 창원시 성산구 대방동 산 83,35.2084497885,128.711594,63050.2,,,,,,2018-01-25,경상남도 창원시 성산구청,055-272-4501,2024-04-05
48123-00086,삼정자전통놀이공원,문화공원,,경상남도 창원시 성산구 남산동 148,35.202832,128.707101,11222,,,,,,2019-11-15,경상남도 창원시 성산구청,055-272-4501,2024-04-05
48123-00087,소공원94,근린공원,,경상남도 창원시 성산구 대원동 109-1,35.229745,128.651705,28420,,,,,,2020-05-01,경상남도 창원시 성산구청,055-272-4501,2024-04-05
48123-00088,공원95,근린공원,,경상남도 창원시 성산구 안민동 627,35.184122,128.686345,23967,,,,,,2020-06-11,경상남도 창원시 성산구청,055-272-4501,2024-04-05
48123-00089,공원111,소공원,,경상남도 창원시 성산구 외동 산12,35.222773,128.671251,6461.5,,,,,,2020-06-18,경상남도 창원시 성산구청,055-272-4501,2024-04-05
48123-00090,공원117,소공원,,경상남도 창원시 성산구 토월동 37,35.230745,128.704429,1373.9,,,,,,2020-12-31,경상남도 창원시 성산구청,055-272-4501,2024-04-05
48123-00091,제113호소공원,소공원,경상남도 창원시 성산구 창곡로 179-1,경상남도 창원시 성산구 완암동 240-2,35.203626,128.656048,2027,,,,,,2021-02-10,경상남도 창원시 성산구청,055-272-4501,2024-04-05
48123-00092,제114호소공원,소공원,,경상남도 창원시 성산구 완암동 264,35.2020901181,128.658594,2022,,,,,,2021-02-10,경상남도 창원시 성산구청,055-272-4501,2024-04-05
48123-00093,제115호소공원,소공원,,경상남도 창원시 성산구 상복동 447-1,35.200855,128.661775,1560,,,,,,2021-02-10,경상남도 창원시 성산구청,055-272-4501,2024-04-05
48123-00094,제116호소공원,소공원,경상남도 창원시 성산구 정동로9번길 35-8,경상남도 창원시 성산구 남지동 299-1,35.193603,128.677764,2947,,,,,,2021-02-10,경상남도 창원시 성산구청,055-272-4501,2024-04-05
48123-00095,소공원118,소공원,,경상남도 창원시 성산구 토월동 38,35.230587,128.704227,1402,,,,,,2021-02-18,경상남도 창원시 성산구청,055-272-4501,2024-04-05
48125-00001,산호공원,근린공원,,경상남도 창원시 마산합포구 산호동 532-12,35.213798,128.582016,146175,,,,,,1964-08-06,경상남도 창원시 마산합포구청,055-220-4501,2024-04-05
48125-00002,추산공원,근린공원,,경상남도 창원시 마산합포구 자산동 산21-4,35.207443,128.567691,105339.6,,,,,,1964-08-06,경상남도 창원시 마산합포구청,055-220-4501,2024-04-05
48125-00003,어린이공원1,어린이공원,,경상남도 창원시 마산합포구 산호동 56-7,35.217642,128.578512,673,,,,,,1967-12-30,경상남도 창원시 마산합포구청,055-220-4501,2024-04-05
48125-00004,어린이공원2,어린이공원,경상남도 창원시 마산합포구 산호북10길 5-1,경상남도 창원시 마산합포구 산호동 22-8,35.218709,128.583232,678,,,,,,1967-12-30,경상남도 창원시 마산합포구청,055-220-4501,2024-04-05
48125-00005,인곡공원,묘지공원,경상남도 창원시 마산합포구 진동면 공원묘원로 223,경상남도 창원시 마산합포구 진동면 인곡리 산 74,35.1408802462,128.529943,2578547,,,,,,1976-03-27,경상남도 창원시 마산합포구청,055-220-4501,2024-04-05
48125-00006,어린이공원26,어린이공원,,경상남도 창원시 마산합포구 교방동 362-7,35.214706,128.563358,1500,,,,,,1976-12-09,경상남도 창원시 마산합포구청,055-220-4501,2024-04-05
48125-00007,진동공원,근린공원,,경상남도 창원시 마산합포구 진동면 진동리 56-1,35.119789,128.491302,56620,,,,,,1978-12-13,경상남도 창원시 마산합포구청,055-220-4501,2024-04-05
48125-00008,자산공원,근린공원,,경상남도 창원시 마산합포구 자산동 산96-9,35.201261,128.560436,20915,,,,,,1979-05-24,경상남도 창원시 마산합포구청,055-220-4501,2024-04-05
48125-00009,가포공원,근린공원,,경상남도 창원시 마산합포구 가포동 산1-51,35.172536,128.576102,83407,,,,,,1986-07-01,경상남도 창원시 마산합포구청,055-220-4501,2024-04-05
48125-00010,어린이공원35,어린이공원,,경상남도 창원시 마산합포구 자산동 23-4,35.206226,128.563035,1665,,,,,,1986-11-28,경상남도 창원시 마산합포구청,055-220-4501,2024-04-05
48125-00011,어린이공원36,어린이공원,,경상남도 창원시 마산합포구 자산동 28-3,35.204235,128.561004,1687,,,,,,1986-11-28,경상남도 창원시 마산합포구청,055-220-4501,2024-04-05
48125-00012,어린이공원58,어린이공원,,경상남도 창원시 마산합포구 월영동 707,35.173609,128.558894,8934.1,,,,,,1993-07-23,경상남도 창원시 마산합포구청,055-220-4501,2024-04-05
48125-00013,월영달빛공원,어린이공원,,경상남도 창원시 마산합포구 월영동 710-3,35.170708,128.557016,1558,,,,,,1993-07-23,경상남도 창원시 마산합포구청,055-220-4501,2024-04-05
48125-00014,만날공원,근린공원,,경상남도 창원시 마산합포구 월영동 산175-8,35.184722,128.548823,90846,,,,,,1994-07-12,경상남도 창원시 마산합포구청,055-220-4501,2024-04-05
48125-00015,공원34,근린공원,경상남도 창원시 마산합포구 수산2길 35,경상남도 창원시 마산합포구 신포동1가 68-1,35.197574,128.571911,11735.1,,,,,,1994-07-12,경상남도 창원시 마산합포구청,055-220-4501,2024-04-05
48125-00016,공원35,근린공원,,경상남도 창원시 마산합포구 해운동 54,35.176556,128.566086,10887.3,,,,,,1994-07-12,경상남도 창원시 마산합포구청,055-220-4501,2024-04-05
48125-00017,어린이공원61,어린이공원,경상남도 창원시 마산합포구 해안대로 279-3,경상남도 창원시 마산합포구 신포동1가 65-1,35.199278,128.572184,2831.1,,,,,,1994-07-12,경상남도 창원시 마산합포구청,055-220-4501,2024-04-05
48125-00018,어린이공원62,어린이공원,경상남도 창원시 마산합포구 가포로 63,경상남도 창원시 마산합포구 해운동 40,35.177849,128.563758,6047,,,,,,1994-07-12,경상남도 창원시 마산합포구청,055-220-4501,2024-04-05
48125-00019,어린이공원63,어린이공원,,경상남도 창원시 마산합포구 월영동 727,35.175794,128.568478,8921,,,,,,1994-07-12,경상남도 창원시 마산합포구청,055-220-4501,2024-04-05
48125-00020,어린이공원67,어린이공원,,경상남도 창원시 마산합포구 진동면 진동리 430,35.118646,128.486981,2100,,,,,,1994-12-31,경상남도 창원시 마산합포구청,055-220-4501,2024-04-05
48125-00021,어린이공원68,어린이공원,,경상남도 창원시 마산합포구 진동면 진동리 622,35.117276,128.486382,2200,,,,,,1994-12-31,경상남도 창원시 마산합포구청,055-220-4501,2024-04-05
48125-00022,어린이공원145,어린이공원,,경상남도 창원시 마산합포구 완월동 390-2,35.198065,128.558762,1665,,,,,,2001-12-21,경상남도 창원시 마산합포구청,055-220-4501,2024-04-05
48125-00023,어린이공원146,어린이공원,경상남도 창원시 마산합포구 진북면 지산1길 71,경상남도 창원시 마산합포구 진북면 지산리 226-19,35.115658,128.464523,1770,,,,,,2002-01-17,경상남도 창원시 마산합포구청,055-220-4501,2024-04-05
48125-00024,어린이공원147,어린이공원,,경상남도 창원시 마산합포구 진전면 오서리 1763-2,35.100908,128.417395,1520,,,,,,2002-01-17,경상남도 창원시 마산합포구청,055-220-4501,2024-04-05
48125-00025,어린이공원148,어린이공원,,경상남도 창원시 마산합포구 자산동 20,35.2052799232,128.5651002167,1686,,,,,,2002-08-08,경상남도 창원시 마산합포구청,055-220-4501,2024-04-05
48125-00026,노비산 공원,근린공원,경상남도 창원시 마산합포구 노산북8길 49-1,경상남도 창원시 마산합포구 상남동 58-8,35.214106,128.5741296973,11088,,,,,,2003-03-10,경상남도 창원시 마산합포구청,055-220-4501,2024-04-05
48125-00027,어린이공원168,어린이공원,,경상남도 창원시 마산합포구 진북면 망곡리 424,35.13739967,128.484195,2016.6,,,,,,2005-09-08,경상남도 창원시 마산합포구청,055-220-4501,2024-04-05
48125-00028,어린이공원169,어린이공원,,경상남도 창원시 마산합포구 진북면 망곡리 431,35.134746,128.484211,4352.5,,,,,,2005-09-08,경상남도 창원시 마산합포구청,055-220-4501,2024-04-05
48125-00029,어린이공원176,어린이공원,,경상남도 창원시 마산합포구 신포동1가 76-1,35.197313,128.572975,1666.5,,,,,,2006-01-19,경상남도 창원시 마산합포구청,055-220-4501,2024-04-05
48125-00030,우산공원,근린공원,,경상남도 창원시 마산합포구 우산동 194-1,35.156855,128.551933,20343,,,,,,2006-03-16,경상남도 창원시 마산합포구청,055-220-4501,2024-04-05
48125-00031,어린이공원178,어린이공원,,경상남도 창원시 마산합포구 월영동 740,35.171516,128.562898,4531,,,,,,2006-07-13,경상남도 창원시 마산합포구청,055-220-4501,2024-04-05
48125-00032,소공원5,소공원,,경상남도 창원시 마산합포구 상남동 137-4,35.212696,128.5730000439,532,,,,,,2006-08-24,경상남도 창원시 마산합포구청,055-220-4501,2024-04-05
48125-00033,소공원6,소공원,,경상남도 창원시 마산합포구 월영동 614-54,35.177284,128.559938,419,,,,,,2006-08-24,경상남도 창원시 마산합포구청,055-220-4501,2024-04-05
48125-00034,현동공원,근린공원,,경상남도 창원시 마산합포구 현동 1294,35.147768,128.555264,73779.6,,,,,,2007-01-04,경상남도 창원시 마산합포구청,055-220-4501,2024-04-05
48125-00035,공원63,근린공원,,경상남도 창원시 마산합포구 현동 1288,35.145268,128.552337,9598,,,,,,2007-01-04,경상남도 창원시 마산합포구청,055-220-4501,2024-04-05
48125-00036,어린이공원186,어린이공원,,경상남도 창원시 마산합포구 현동 220,35.149234,128.552488,2057.3,,,,,,2007-01-04,경상남도 창원시 마산합포구청,055-220-4501,2024-04-05
48125-00037,어린이공원187,어린이공원,,경상남도 창원시 마산합포구 현동 1277,35.146676,128.547124,4844.9,,,,,,2007-01-04,경상남도 창원시 마산합포구청,055-220-4501,2024-04-05
48125-00038,어린이공원188,어린이공원,,경상남도 창원시 마산합포구 현동 1586,35.143223,128.556418,2680.2,,,,,,2007-01-04,경상남도 창원시 마산합포구청,055-220-4501,2024-04-05
48125-00039,어린이공원189,어린이공원,,경상남도 창원시 마산합포구 우산동 149,35.152643,128.553519,1636.9,,,,,,2007-01-04,경상남도 창원시 마산합포구청,055-220-4501,2024-04-05
48125-00040,소공원9,소공원,,경상남도 창원시 마산합포구 덕동동 772-1,35.137605,128.571669,1594,,,,,,2007-06-14,경상남도 창원시 마산합포구청,055-220-4501,2024-04-05
48125-00041,소공원10,소공원,,경상남도 창원시 마산합포구 덕동동 606,35.139636,128.576095,572,,,,,,2007-06-14,경상남도 창원시 마산합포구청,055-220-4501,2024-04-05
48125-00042,어린이공원195,어린이공원,,경상남도 창원시 마산합포구 진북면 신촌리 9-4,35.139406,128.481248,4639.3,,,,,,2007-11-29,경상남도 창원시 마산합포구청,055-220-4501,2024-04-05
48125-00043,소공원16,소공원,,경상남도 창원시 마산합포구 교방동 54-1,35.212522,128.567445,821,,,,,,2007-12-20,경상남도 창원시 마산합포구청,055-220-4501,2024-04-05
48125-00044,교방천수변공원,수변공원,,경상남도 창원시 마산합포구 교방동 15,35.212498,128.568751,3794.4,,,,,,2007-12-20,경상남도 창원시 마산합포구청,055-220-4501,2024-04-05
48125-00045,어린이공원198,어린이공원,경상남도 창원시 마산합포구 반월남1길 24-1,경상남도 창원시 마산합포구 반월동 82-8,35.189696,128.560735,4940,,,,,,2008-02-05,경상남도 창원시 마산합포구청,055-220-4501,2024-04-05
48125-00046,소공원21,소공원,경상남도 창원시 마산합포구 반월남1길 2,경상남도 창원시 마산합포구 중앙동1가 10-8,35.189283,128.561596,130,,,,,,2008-02-05,경상남도 창원시 마산합포구청,055-220-4501,2024-04-05
48125-00047,소공원25,소공원,경상남도 창원시 마산합포구 자산동4길 30-1,경상남도 창원시 마산합포구 자산동 37-2,35.205817,128.565802,3086,,,,,,2008-07-10,경상남도 창원시 마산합포구청,055-220-4501,2024-04-05
48125-00048,어린이공원201,어린이공원,경상남도 창원시 마산합포구 문화서13길 10,경상남도 창원시 마산합포구 월영동 77-47,35.188686,128.554965,10522,,,,,,2008-07-17,경상남도 창원시 마산합포구청,055-220-4501,2024-04-05
48125-00049,소공원26,소공원,,경상남도 창원시 마산합포구 대창동 242,35.185492,128.555036,3125,,,,,,2008-07-17,경상남도 창원시 마산합포구청,055-220-4501,2024-04-05
48125-00050,소공원27,소공원,경상남도 창원시 마산합포구 용마로 18,경상남도 창원시 마산합포구 산호동 545-7,35.215763,128.5780597961,1278,,,,,,2008-07-17,경상남도 창원시 마산합포구청,055-220-4501,2024-04-05
48125-00051,어린이공원204,어린이공원,,경상남도 창원시 마산합포구 진동면 진동리 140,35.1151903730,128.4914597123,2800,,,,,,2008-09-11,경상남도 창원시 마산합포구청,055-220-4501,2024-04-05
48125-00052,어린이공원205,어린이공원,,경상남도 창원시 마산합포구 진북면 신촌리 11-8,35.134399,128.477577,5873.6,,,,,,2009-05-21,경상남도 창원시 마산합포구청,055-220-4501,2024-04-05
48125-00053,소공원32,소공원,,경상남도 창원시 마산합포구 진북면 정현리 796-2,35.173784,128.465151,1099.9,,,,,,2009-12-03,경상남도 창원시 마산합포구청,055-220-4501,2024-04-05
48125-00054,소공원33,소공원,,경상남도 창원시 마산합포구 진북면 정현리 788-4,35.174918,128.464206,1400,,,,,,2009-12-03,경상남도 창원시 마산합포구청,055-220-4501,2024-04-05
48125-00055,소공원35,소공원,,경상남도 창원시 마산합포구 완월동 157,35.199066,128.557394,590,,,,,,2010-01-29,경상남도 창원시 마산합포구청,055-220-4501,2024-04-05
48125-00056,가포체육공원,체육공원,,경상남도 창원시 마산합포구 가포동 668,35.162722,128.577362,22535,,,,,,2010-06-10,경상남도 창원시 마산합포구청,055-220-4501,2024-04-05
48125-00057,문화공원7,문화공원,,경상남도 창원시 마산합포구 우산동 300-3,35.1568003590,128.550208,7208.2,,,,,,2013-05-06,경상남도 창원시 마산합포구청,055-220-4501,2024-04-05
48125-00058,공원77,근린공원,,경상남도 창원시 마산합포구 월남동1가 46-4,35.185835,128.564447,22169,,,,,,2013-11-29,경상남도 창원시 마산합포구청,055-220-4501,2024-04-05
48125-00059,소공원51,소공원,,경상남도 창원시 마산합포구 월남동1가 46-4,35.185835,128.564447,4530,,,,,,2013-11-29,경상남도 창원시 마산합포구청,055-220-4501,2024-04-05
48125-00060,소공원52,소공원,,경상남도 창원시 마산합포구 월남동1가 46-4,35.185835,128.564447,1533,,,,,,2013-11-29,경상남도 창원시 마산합포구청,055-220-4501,2024-04-05
48125-00061,소공원53,소공원,,경상남도 창원시 마산합포구 월남동1가 46-4,35.185835,128.564447,7937,,,,,,2013-11-29,경상남도 창원시 마산합포구청,055-220-4501,2024-04-05
48125-00062,소공원54,소공원,,경상남도 창원시 마산합포구 가포동 644,35.169999,128.574068,2360.7,,,,,,2013-11-29,경상남도 창원시 마산합포구청,055-220-4501,2024-04-05
48125-00063,소공원55,소공원,,경상남도 창원시 마산합포구 가포동 657,35.165654,128.574168,6694.5,,,,,,2013-11-29,경상남도 창원시 마산합포구청,055-220-4501,2024-04-05
48125-00064,소공원56,소공원,,경상남도 창원시 마산합포구 가포동 646,35.170465,128.574508,2148.6,,,,,,2013-11-29,경상남도 창원시 마산합포구청,055-220-4501,2024-04-05
48125-00065,수변공원3,수변공원,,경상남도 창원시 마산합포구 월남동1가 46-4,35.185835,128.564447,28665,,,,,,2013-11-29,경상남도 창원시 마산합포구청,055-220-4501,2024-04-05
48125-00066,수변공원4,수변공원,,경상남도 창원시 마산합포구 월남동1가 46-4,35.185835,128.564447,43933,,,,,,2013-11-29,경상남도 창원시 마산합포구청,055-220-4501,2024-04-05
48125-00067,수변공원5,수변공원,,경상남도 창원시 마산합포구 월남동1가 46-4,35.185835,128.564447,45828,,,,,,2013-11-29,경상남도 창원시 마산합포구청,055-220-4501,2024-04-05
48125-00068,어린이공원225,어린이공원,,경상남도 창원시 마산합포구 가포동 344-3,35.157578,128.576517,1500,,,,,,2015-08-18,경상남도 창원시 마산합포구청,055-220-4501,2024-04-05
48125-00069,가포2공원,근린공원,경상남도 창원시 마산합포구 가포해안길 59,경상남도 창원시 마산합포구 가포동 산 1-5,35.169498,128.573391,99500,,,,,,2016-06-15,경상남도 창원시 마산합포구청,055-220-4501,2024-04-05
48125-00070,공원10,문화공원,,경상남도 창원시 마산합포구 구산면 석곡리 772-1,35.109742,128.541294,43030,,,,,,2017-08-24,경상남도 창원시 마산합포구청,055-220-4501,2024-04-05
48125-00071,소공원98,소공원,,경상남도 창원시 마산합포구 가포동 787,35.154875,128.584361,8096.3,,,,,,2018-01-03,경상남도 창원시 마산합포구청,055-220-4501,2024-04-05
48125-00072,소공원99,소공원,,경상남도 창원시 마산합포구 가포동 792-3,35.157618,128.583502,391.8,,,,,,2018-01-03,경상남도 창원시 마산합포구청,055-220-4501,2024-04-05
48125-00073,어린이공원237,어린이공원,경상남도 창원시 마산합포구 허당로 5-1,경상남도 창원시 마산합포구 상남동 182-2,35.2117202242,128.576678,1590,,,,,,2021-02-15,경상남도 창원시 마산합포구청,055-220-4501,2024-04-05
48125-00074,어린이공원238,어린이공원,경상남도 창원시 마산합포구 합포북5길 5-9,경상남도 창원시 마산합포구 산호동 509-54,35.211197,128.5795202065,2500,,,,,,2021-02-15,경상남도 창원시 마산합포구청,055-220-4501,2024-04-05
48125-00075,소공원119,소공원,경상남도 창원시 마산합포구 합포북14길 2-4,경상남도 창원시 마산합포구 산호동 556-17,35.212892,128.582106,4415,,,,,,2021-02-15,경상남도 창원시 마산합포구청,055-220-4501,2024-04-05
48125-00076,소공원120,소공원,경상남도 창원시 마산합포구 합포서1길 3-3,경상남도 창원시 마산합포구 상남동 190-173,35.209812,128.579188,4945,,,,,,2021-02-15,경상남도 창원시 마산합포구청,055-220-4501,2024-04-05
48125-00077,독립운동기념공원,역사공원,,경상남도 창원시 마산합포구 진전면 임곡리 197,35.107634,128.431717,17454,,,,,,2021-11-11,경상남도 창원시 마산합포구청,055-220-4501,2024-04-05
48125-00078,문화공원13,문화공원,,경상남도 창원시 마산합포구 서성동 84-61,35.202296,128.569419,11144,,,,,,2021-12-31,경상남도 창원시 마산합포구청,055-220-4501,2024-04-05
48127-00001,중앙공원,근린공원,,경상남도 창원시 마산회원구 양덕동 산35-1,35.222056,128.577223,52158,,,,,,1964-08-06,경상남도 창원시 마산회원구청,055-230-4501,2024-04-05
48127-00002,팔룡공원,근린공원,,경상남도 창원시 마산회원구 양덕동 산8-2,35.231828,128.591943,3555855,,,,,,1964-08-06,경상남도 창원시 마산회원구청,055-230-4501,2024-04-05
48127-00003,어린이공원3,어린이공원,,경상남도 창원시 마산회원구 석전동 235-1,35.233039,128.577436,815,,,,,,1969-12-23,경상남도 창원시 마산회원구청,055-230-4501,2024-04-05
48127-00004,어린이공원4,어린이공원,,경상남도 창원시 마산회원구 회원동 52-10,35.218247,128.573881,832.8,,,,,,1969-12-23,경상남도 창원시 마산회원구청,055-230-4501,2024-04-05
48127-00005,어린이공원5,어린이공원,,경상남도 창원시 마산회원구 회원동 32-1,35.221478,128.572631,817,,,,,,1969-12-23,경상남도 창원시 마산회원구청,055-230-4501,2024-04-05
48127-00006,어린이공원6,어린이공원,,경상남도 창원시 마산회원구 양덕동 70,35.234102,128.580792,822,,,,,,1970-01-09,경상남도 창원시 마산회원구청,055-230-4501,2024-04-05
48127-00007,어린이공원7,어린이공원,경상남도 창원시 마산회원구 양덕북16길 49,경상남도 창원시 마산회원구 양덕동 94-13,35.234982,128.584442,973,,,,,,1970-01-09,경상남도 창원시 마산회원구청,055-230-4501,2024-04-05
48127-00008,어린이공원11,어린이공원,,경상남도 창원시 마산회원구 양덕동 24-1,35.235443,128.588401,596,,,,,,1970-01-09,경상남도 창원시 마산회원구청,055-230-4501,2024-04-05
48127-00009,어린이공원8,어린이공원,,경상남도 창원시 마산회원구 구암동 279-1,35.253509,128.593728,1290,,,,,,1973-01-31,경상남도 창원시 마산회원구청,055-230-4501,2024-04-05
48127-00010,어린이공원9,어린이공원,,경상남도 창원시 마산회원구 구암동 1355-1,35.253566,128.599243,1320,,,,,,1973-01-31,경상남도 창원시 마산회원구청,055-230-4501,2024-04-05
48127-00011,어린이공원10,어린이공원,,경상남도 창원시 마산회원구 구암동 85-10,35.249368,128.598071,1329,,,,,,1973-01-31,경상남도 창원시 마산회원구청,055-230-4501,2024-04-05
48127-00012,어린이공원12,어린이공원,,경상남도 창원시 마산회원구 합성동 115-12,35.243233,128.583336,992,,,,,,1974-04-16,경상남도 창원시 마산회원구청,055-230-4501,2024-04-05
48127-00013,어린이공원13,어린이공원,,경상남도 창원시 마산회원구 합성동 167-10,35.241686,128.588593,1310,,,,,,1974-04-16,경상남도 창원시 마산회원구청,055-230-4501,2024-04-05
48127-00014,어린이공원14,어린이공원,,경상남도 창원시 마산회원구 합성동 88-1,35.239904,128.5810003205,990,,,,,,1974-04-16,경상남도 창원시 마산회원구청,055-230-4501,2024-04-05
48127-00015,어린이공원15,어린이공원,경상남도 창원시 마산회원구 소계천서길 59,경상남도 창원시 마산회원구 구암동 1336-2,35.257361,128.597285,1480,,,,,,1976-12-09,경상남도 창원시 마산회원구청,055-230-4501,2024-04-05
48127-00016,어린이공원16,어린이공원,,경상남도 창원시 마산회원구 구암동 267-1,35.254827,128.596874,992,,,,,,1976-12-09,경상남도 창원시 마산회원구청,055-230-4501,2024-04-05
48127-00017,어린이공원17,어린이공원,,경상남도 창원시 마산회원구 봉암동 450-19,35.222823,128.596882,531,,,,,,1976-12-09,경상남도 창원시 마산회원구청,055-230-4501,2024-04-05
48127-00018,어린이공원18,어린이공원,,경상남도 창원시 마산회원구 봉암동 458-11,35.2209004307,128.598109,463,,,,,,1976-12-09,경상남도 창원시 마산회원구청,055-230-4501,2024-04-05
48127-00019,어린이공원19,어린이공원,,경상남도 창원시 마산회원구 석전동 284-1,35.227384,128.568555,969,,,,,,1976-12-09,경상남도 창원시 마산회원구청,055-230-4501,2024-04-05
48127-00020,어린이공원20,어린이공원,,경상남도 창원시 마산회원구 석전동 272-21,35.231039,128.566801,954,,,,,,1976-12-09,경상남도 창원시 마산회원구청,055-230-4501,2024-04-05
48127-00021,어린이공원21,어린이공원,경상남도 창원시 마산회원구 북성로 351,경상남도 창원시 마산회원구 회성동 449-7,35.233583,128.559093,995,,,,,,1976-12-09,경상남도 창원시 마산회원구청,055-230-4501,2024-04-05
48127-00022,어린이공원22,어린이공원,,경상남도 창원시 마산회원구 회성동 444-19,35.233086,128.556988,973,,,,,,1976-12-09,경상남도 창원시 마산회원구청,055-230-4501,2024-04-05
48127-00023,어린이공원23,어린이공원,,경상남도 창원시 마산회원구 회원동 628-1,35.221572,128.567144,1430,,,,,,1976-12-09,경상남도 창원시 마산회원구청,055-230-4501,2024-04-05
48127-00024,어린이공원24,어린이공원,,경상남도 창원시 마산회원구 회원동 668-1,35.219571,128.563833,1424,,,,,,1976-12-09,경상남도 창원시 마산회원구청,055-230-4501,2024-04-05
48127-00025,어린이공원25,어린이공원,,경상남도 창원시 마산회원구 회원동 650,35.216126,128.560009,1648,,,,,,1976-12-09,경상남도 창원시 마산회원구청,055-230-4501,2024-04-05
48127-00026,어린이공원43,어린이공원,경상남도 창원시 마산회원구 내서읍 중리상곡로 124,경상남도 창원시 마산회원구 내서읍 중리 1037,35.251237,128.511399,1752.2,,,,,,1990-11-05,경상남도 창원시 마산회원구청,055-230-4501,2024-04-05
48127-00027,어린이공원44,어린이공원,,경상남도 창원시 마산회원구 내서읍 중리 1039,35.249808,128.509247,1635,,,,,,1990-11-05,경상남도 창원시 마산회원구청,055-230-4501,2024-04-05
48127-00028,어린이공원45,어린이공원,,경상남도 창원시 마산회원구 내서읍 중리 1048-2,35.247165,128.507476,2140.2,,,,,,1990-11-05,경상남도 창원시 마산회원구청,055-230-4501,2024-04-05
48127-00029,어린이공원46,어린이공원,,경상남도 창원시 마산회원구 내서읍 중리 1057,35.243242,128.503984,1879.8,,,,,,1990-11-05,경상남도 창원시 마산회원구청,055-230-4501,2024-04-05
48127-00030,어린이공원47,어린이공원,,경상남도 창원시 마산회원구 내서읍 상곡리 191,35.245881,128.498901,3310.7,,,,,,1990-11-05,경상남도 창원시 마산회원구청,055-230-4501,2024-04-05
48127-00031,어린이공원48,어린이공원,,경상남도 창원시 마산회원구 내서읍 상곡리 190-19,35.244623,128.500579,1583.2,,,,,,1990-11-05,경상남도 창원시 마산회원구청,055-230-4501,2024-04-05
48127-00032,중리체육공원,체육공원,,경상남도 창원시 마산회원구 내서읍 중리 1124-1,35.244847,128.510194,7329.5,,,,,,1992-06-16,경상남도 창원시 마산회원구청,055-230-4501,2024-04-05
48127-00033,어린이공원64,어린이공원,,경상남도 창원시 마산회원구 내서읍 삼계리 41,35.227719,128.503191,4950.3,,,,,,1994-12-21,경상남도 창원시 마산회원구청,055-230-4501,2024-04-05
48127-00034,어린이공원65,어린이공원,,경상남도 창원시 마산회원구 내서읍 삼계리 12,35.233988,128.501188,5289,,,,,,1994-12-21,경상남도 창원시 마산회원구청,055-230-4501,2024-04-05
48127-00035,어린이공원66,어린이공원,,경상남도 창원시 마산회원구 내서읍 삼계리 1,35.237853,128.502725,5590,,,,,,1994-12-21,경상남도 창원시 마산회원구청,055-230-4501,2024-04-05
48127-00036,어린이공원75,어린이공원,,경상남도 창원시 마산회원구 내서읍 삼계리 504-5,35.231155,128.495101,2417.3,,,,,,1997-08-30,경상남도 창원시 마산회원구청,055-230-4501,2024-04-05
48127-00037,어린이공원76,어린이공원,,경상남도 창원시 마산회원구 내서읍 삼계리 508-2,35.230044,128.498632,1629.3,,,,,,1997-08-30,경상남도 창원시 마산회원구청,055-230-4501,2024-04-05
48127-00038,어린이공원77,어린이공원,,경상남도 창원시 마산회원구 내서읍 삼계리 507-9,35.227564,128.496537,2163.1,,,,,,1997-08-30,경상남도 창원시 마산회원구청,055-230-4501,2024-04-05
48127-00039,3.15공원,근린공원,,경상남도 창원시 마산회원구 구암동 541,35.252621,128.588086,138420,,,,,,1997-11-08,경상남도 창원시 마산회원구청,055-230-4501,2024-04-05
48127-00040,석전공원,근린공원,,경상남도 창원시 마산회원구 석전동 152-1,35.229771,128.569371,14010,,,,,,2005-08-01,경상남도 창원시 마산회원구청,055-230-4501,2024-04-05
48127-00041,어린이공원184,어린이공원,,경상남도 창원시 마산회원구 양덕동 84-7,35.224539,128.581474,12432,,,,,,2006-10-12,경상남도 창원시 마산회원구청,055-230-4501,2024-04-05
48127-00042,어린이공원185,어린이공원,,경상남도 창원시 마산회원구 양덕동 84-2,35.228822,128.582062,3838.5,,,,,,2006-10-12,경상남도 창원시 마산회원구청,055-230-4501,2024-04-05
48127-00043,소공원11,소공원,,경상남도 창원시 마산회원구 석전동 298,35.228939,128.569458,665.5,,,,,,2007-06-28,경상남도 창원시 마산회원구청,055-230-4501,2024-04-05
48127-00044,소공원12,소공원,,경상남도 창원시 마산회원구 석전동 302,35.227921,128.569306,2543.5,,,,,,2007-06-28,경상남도 창원시 마산회원구청,055-230-4501,2024-04-05
48127-00045,소공원13,소공원,,경상남도 창원시 마산회원구 석전동 306,35.226992,128.570384,1619.7,,,,,,2007-06-28,경상남도 창원시 마산회원구청,055-230-4501,2024-04-05
48127-00046,소공원14,소공원,,경상남도 창원시 마산회원구 석전동 310,35.226809,128.571674,237.6,,,,,,2007-06-28,경상남도 창원시 마산회원구청,055-230-4501,2024-04-05
48127-00047,어린이공원197,어린이공원,,경상남도 창원시 마산회원구 회원동 321,35.222907,128.5699895688,1511.3,,,,,,2007-12-20,경상남도 창원시 마산회원구청,055-230-4501,2024-04-05
48127-00048,소공원17,소공원,,경상남도 창원시 마산회원구 회원동 597-8,35.217431,128.564744,3031.6,,,,,,2007-12-20,경상남도 창원시 마산회원구청,055-230-4501,2024-04-05
48127-00049,소공원19,소공원,경상남도 창원시 마산회원구 회원남로 62-1,경상남도 창원시 마산회원구 회원동 477-10,35.218574,128.567946,2789,,,,,,2007-12-20,경상남도 창원시 마산회원구청,055-230-4501,2024-04-05
48127-00050,소공원20,소공원,,경상남도 창원시 마산회원구 회원동 214-19,35.22310426,128.5703963,1998.7,,,,,,2007-12-20,경상남도 창원시 마산회원구청,055-230-4501,2024-04-05
48127-00051,소공원29,소공원,,경상남도 창원시 마산회원구 내서읍 신감리 831,35.196943,128.510048,348,,,,,,2009-10-08,경상남도 창원시 마산회원구청,055-230-4501,2024-04-05
48127-00052,양덕삼각지공원,근린공원,,경상남도 창원시 마산회원구 양덕동 412-8,35.220507,128.588623,18640,,,,,,2010-01-21,경상남도 창원시 마산회원구청,055-230-4501,2024-04-05
48127-00053,어린이공원210,어린이공원,,경상남도 창원시 마산회원구 합성동 358-1,35.2461402006,128.588855,4855.8,,,,,,2010-04-08,경상남도 창원시 마산회원구청,055-230-4501,2024-04-05
48127-00054,어린이공원211,어린이공원,,경상남도 창원시 마산회원구 석전동 240-3,35.233073,128.574668,1535.5,,,,,,2010-06-01,경상남도 창원시 마산회원구청,055-230-4501,2024-04-05
48127-00055,원계공원,근린공원,,경상남도 창원시 마산회원구 내서읍 원계리 400-1,35.237496,128.505825,7406.2,,,,,,2011-11-24,경상남도 창원시 마산회원구청,055-230-4501,2024-04-05
48127-00056,소공원48,소공원,,경상남도 창원시 마산회원구 내서읍 용담리 산67-3,35.269523,128.499309,1250.1,,,,,,2013-01-17,경상남도 창원시 마산회원구청,055-230-4501,2024-04-05
48127-00057,소공원57,소공원,,경상남도 창원시 마산회원구 내서읍 중리 836,35.257882,128.507091,4130,,,,,,2013-11-29,경상남도 창원시 마산회원구청,055-230-4501,2024-04-05
48127-00058,소공원58,소공원,,경상남도 창원시 마산회원구 내서읍 중리 837,35.257122,128.506614,4340,,,,,,2013-11-29,경상남도 창원시 마산회원구청,055-230-4501,2024-04-05
48127-00059,소공원83,소공원,,경상남도 창원시 마산회원구 내서읍 용담리 491,35.270334,128.500297,1100,,,,,,2016-06-02,경상남도 창원시 마산회원구청,055-230-4501,2024-04-05
48127-00060,소공원84,소공원,,경상남도 창원시 마산회원구 내서읍 용담리 214-4,35.264937,128.505553,996,,,,,,2016-06-02,경상남도 창원시 마산회원구청,055-230-4501,2024-04-05
48127-00061,근린공원93,근린공원,,경상남도 창원시 마산회원구 내서읍 평성리 55,35.259229,128.540392,13997,,,,,,2019-12-31,경상남도 창원시 마산회원구청,055-230-4501,2024-04-05
48127-00062,소공원110,소공원,,경상남도 창원시 마산회원구 내서읍 안성리 694,35.2598201858,128.545472,4841,,,,,,2019-12-31,경상남도 창원시 마산회원구청,055-230-4501,2024-04-05
48127-00063,체육공원8,체육공원,,경상남도 창원시 마산회원구 내서읍 평성리 553-3,35.263377,128.531267,16610,,,,,,2019-12-31,경상남도 창원시 마산회원구청,055-230-4501,2024-04-05
48127-00064,어린이공원239,어린이공원,,경상남도 창원시 마산회원구 회원동 499-7,35.218377,128.567229,2431,,,,,,2021-05-14,경상남도 창원시 마산회원구청,055-230-4501,2024-04-05
48127-00065,근린공원96,근린공원,,경상남도 창원시 마산회원구 두척동 260-1,35.235373,128.550391,12401,,,,,,2021-12-30,경상남도 창원시 마산회원구청,055-230-4501,2024-04-05
48127-00066,근린공원97,근린공원,,경상남도 창원시 마산회원구 회성동 125,35.231837,128.556566,17585,,,,,,2021-12-30,경상남도 창원시 마산회원구청,055-230-4501,2024-04-05
48127-00067,근린공원98,근린공원,,경상남도 창원시 마산회원구 석전동 130-1,35.228152,128.565461,31425,,,,,,2021-12-30,경상남도 창원시 마산회원구청,055-230-4501,2024-04-05
48127-00068,어린이공원242,어린이공원,,경상남도 창원시 마산회원구 회성동 391,35.234519,128.552619,8092,,,,,,2021-12-30,경상남도 창원시 마산회원구청,055-230-4501,2024-04-05
48127-00069,어린이공원243,어린이공원,,경상남도 창원시 마산회원구 회성동 487,35.2307498598,128.561585,6905,,,,,,2021-12-30,경상남도 창원시 마산회원구청,055-230-4501,2024-04-05
48127-00070,어린이공원244,어린이공원,,경상남도 창원시 마산회원구 석전동 194-3,35.229464,128.564961,2325,,,,,,2021-12-30,경상남도 창원시 마산회원구청,055-230-4501,2024-04-05
48127-00071,소공원125,소공원,,경상남도 창원시 마산회원구 두척동 453-2,35.238042,128.541302,8249,,,,,,2021-12-30,경상남도 창원시 마산회원구청,055-230-4501,2024-04-05
48127-00072,체육공원9,체육공원,,경상남도 창원시 마산회원구 두척동 918-1,35.237167,128.537859,34765,,,,,,2021-12-30,경상남도 창원시 마산회원구청,055-230-4501,2024-04-05
48129-00001,풍호공원,근린공원,,경상남도 창원시 진해구 풍호동 23,35.1353801160,128.713222,857988,,,,,,1967-04-20,경상남도 창원시 진해구청,055-548-4501,2024-04-05
48129-00002,제황산공원,근린공원,,경상남도 창원시 진해구 제황산동 28-5,35.147604,128.664374,162141,,,,,,1969-08-11,경상남도 창원시 진해구청,055-548-4501,2024-04-05
48129-00003,장복산공원,근린공원,,경상남도 창원시 진해구 태백동 산84-17,35.172094,128.657111,532056,,,,,,1973-12-31,경상남도 창원시 진해구청,055-548-4501,2024-04-05
48129-00004,웅천묘지 공원,묘지공원,,경상남도 창원시 진해구 서중동 산51-1,35.107853,128.729263,755975,,,,,,1979-07-18,경상남도 창원시 진해구청,055-548-4501,2024-04-05
48129-00005,어린이공원37,어린이공원,,경상남도 창원시 진해구 이동 622-9,35.149819,128.692328,1744,,,,,,1986-12-05,경상남도 창원시 진해구청,055-548-4501,2024-04-05
48129-00006,어린이공원38,어린이공원,경상남도 창원시 진해구 충장로442번길 22-10,경상남도 창원시 진해구 이동 614-5,35.150135,128.6953003219,1800,,,,,,1986-12-05,경상남도 창원시 진해구청,055-548-4501,2024-04-05
48129-00007,어린이공원40,어린이공원,,경상남도 창원시 진해구 풍호동 802,35.136976,128.707561,1500.9,,,,,,1988-08-10,경상남도 창원시 진해구청,055-548-4501,2024-04-05
48129-00008,어린이공원41,어린이공원,,경상남도 창원시 진해구 풍호동 76-2,35.136351,128.712073,1645.5,,,,,,1988-08-10,경상남도 창원시 진해구청,055-548-4501,2024-04-05
48129-00009,어린이공원42,어린이공원,,경상남도 창원시 진해구 석동 90-4,35.151118,128.704008,1950,,,,,,1990-02-07,경상남도 창원시 진해구청,055-548-4501,2024-04-05
48129-00010,자은공원,근린공원,경상남도 창원시 진해구 동진로61번길 31,경상남도 창원시 진해구 석동 182,35.153001,128.7051399202,13411.6,,,,,,1990-12-28,경상남도 창원시 진해구청,055-548-4501,2024-04-05
48129-00011,어린이공원49,어린이공원,,경상남도 창원시 진해구 석동 216,35.155899,128.701481,1684.1,,,,,,1990-12-28,경상남도 창원시 진해구청,055-548-4501,2024-04-05
48129-00012,어린이공원50,어린이공원,,경상남도 창원시 진해구 석동 86,35.152908,128.700967,1613.4,,,,,,1990-12-28,경상남도 창원시 진해구청,055-548-4501,2024-04-05
48129-00013,어린이공원51,어린이공원,,경상남도 창원시 진해구 자은동 903-2,35.149847,128.705992,1530.4,,,,,,1990-12-28,경상남도 창원시 진해구청,055-548-4501,2024-04-05
48129-00014,어린이공원52,어린이공원,,경상남도 창원시 진해구 자은동 977-2,35.153336,128.7091099287,2226.9,,,,,,1990-12-28,경상남도 창원시 진해구청,055-548-4501,2024-04-05
48129-00015,어린이공원53,어린이공원,,경상남도 창원시 진해구 석동 113-3,35.150681,128.705773,1502.6,,,,,,1990-12-28,경상남도 창원시 진해구청,055-548-4501,2024-04-05
48129-00016,안정공원,근린공원,경상남도 창원시 진해구 청안로 265,경상남도 창원시 진해구 안골동 372,35.098404,128.802929,20010.3,,,,,,1992-03-26,경상남도 창원시 진해구청,055-548-4501,2024-04-05
48129-00017,청안공원,근린공원,,경상남도 창원시 진해구 용원동 1207-1,35.103441,128.806724,10002.5,,,,,,1992-03-26,경상남도 창원시 진해구청,055-548-4501,2024-04-05
48129-00018,용재공원,근린공원,경상남도 창원시 진해구 용원로77번길 19,경상남도 창원시 진해구 용원동 1226,35.100711,128.817622,14792.7,,,,,,1992-03-26,경상남도 창원시 진해구청,055-548-4501,2024-04-05
48129-00019,어린이공원54,어린이공원,,경상남도 창원시 진해구 안골동 359-1,35.0997800352,128.804779,1859.2,,,,,,1992-03-26,경상남도 창원시 진해구청,055-548-4501,2024-04-05
48129-00020,어린이공원55,어린이공원,,경상남도 창원시 진해구 용원동 1174-7,35.104161,128.815443,1588.8,,,,,,1992-03-26,경상남도 창원시 진해구청,055-548-4501,2024-04-05
48129-00021,어린이공원56,어린이공원,,경상남도 창원시 진해구 용원동 1260-8,35.098042,128.815558,1565.5,,,,,,1992-03-26,경상남도 창원시 진해구청,055-548-4501,2024-04-05
48129-00022,어린이공원57,어린이공원,,경상남도 창원시 진해구 용원동 1235-6,35.099189,128.819806,1618,,,,,,1992-03-26,경상남도 창원시 진해구청,055-548-4501,2024-04-05
48129-00023,남양공원,근린공원,경상남도 창원시 진해구 남영로474번길 24,경상남도 창원시 진해구 남양동 208-1,35.113257,128.782924,11904,,,,,,1992-09-30,경상남도 창원시 진해구청,055-548-4501,2024-04-05
48129-00024,어린이공원78,어린이공원,,경상남도 창원시 진해구 경화동 1285-1,35.161838,128.682783,1600,,,,,,1997-10-28,경상남도 창원시 진해구청,055-548-4501,2024-04-05
48129-00025,어린이공원79,어린이공원,,경상남도 창원시 진해구 자은동 834-7,35.147198,128.710158,1533.2,,,,,,1997-12-24,경상남도 창원시 진해구청,055-548-4501,2024-04-05
48129-00026,청안2공원,근린공원,,경상남도 창원시 진해구 청안동 478,35.103285,128.802704,63064.9,,,,,,1999-05-29,경상남도 창원시 진해구청,055-548-4501,2024-04-05
48129-00027,어린이공원87,어린이공원,,경상남도 창원시 진해구 남양동 378-2,35.122334,128.784806,4830,,,,,,1999-11-25,경상남도 창원시 진해구청,055-548-4501,2024-04-05
48129-00028,어린이공원88,어린이공원,,경상남도 창원시 진해구 제덕동 866-3,35.101788,128.741936,1872.9,,,,,,1999-12-15,경상남도 창원시 진해구청,055-548-4501,2024-04-05
48129-00029,어린이공원89,어린이공원,,경상남도 창원시 진해구 제덕동 875-7,35.100714,128.743476,1904.3,,,,,,1999-12-15,경상남도 창원시 진해구청,055-548-4501,2024-04-05
48129-00030,소공원2,소공원,,경상남도 창원시 진해구 석동 551-2,35.160023,128.694671,747,,,,,,1999-12-15,경상남도 창원시 진해구청,055-548-4501,2024-04-05
48129-00031,석동2공원,근린공원,경상남도 창원시 진해구 석동로 66,경상남도 창원시 진해구 석동 657,35.155208,128.706573,10046.6,,,,,,2000-11-04,경상남도 창원시 진해구청,055-548-4501,2024-04-05
48129-00032,석동2지구제1공원,어린이공원,,경상남도 창원시 진해구 석동 647-1,35.157126,128.704628,1500,,,,,,2000-11-04,경상남도 창원시 진해구청,055-548-4501,2024-04-05
48129-00033,어린이공원141,어린이공원,경상남도 창원시 진해구 냉천로129번길 17,경상남도 창원시 진해구 석동 661,35.155642,128.709718,1649.6,,,,,,2000-11-04,경상남도 창원시 진해구청,055-548-4501,2024-04-05
48129-00034,어린이공원149,어린이공원,,경상남도 창원시 진해구 자은동 760-2,35.142667,128.708524,1557.8,,,,,,2003-05-30,경상남도 창원시 진해구청,055-548-4501,2024-04-05
48129-00035,어린이공원167,어린이공원,,경상남도 창원시 진해구 장천동 119-33,35.126888,128.707643,2430,,,,,,2005-06-27,경상남도 창원시 진해구청,055-548-4501,2024-04-05
48129-00036,어린이공원170,어린이공원,,경상남도 창원시 진해구 석동 671,35.158282,128.695187,2899.7,,,,,,2005-11-03,경상남도 창원시 진해구청,055-548-4501,2024-04-05
48129-00037,근린공원57,근린공원,,경상남도 창원시 진해구 자은동 132,35.154871,128.719496,64137,,,,,,2005-12-29,경상남도 창원시 진해구청,055-548-4501,2024-04-05
48129-00038,어린이공원175,어린이공원,,경상남도 창원시 진해구 자은동 107,35.1566599825,128.715011,2262.4,,,,,,2005-12-29,경상남도 창원시 진해구청,055-548-4501,2024-04-05
48129-00039,소공원8,소공원,,경상남도 창원시 진해구 죽곡동 233-1,35.112568,128.725081,2595.9,,,,,,2006-04-06,경상남도 창원시 진해구청,055-548-4501,2024-04-05
48129-00040,근린공원59,근린공원,,경상남도 창원시 진해구 용원동 1336-9,35.089421,128.809466,13342.5,,,,,,2006-08-03,경상남도 창원시 진해구청,055-548-4501,2024-04-05
48129-00041,근린공원60,근린공원,경상남도 창원시 진해구 신항2로 80,경상남도 창원시 진해구 용원동 1347-3,35.092006,128.821485,11594.4,,,,,,2006-08-03,경상남도 창원시 진해구청,055-548-4501,2024-04-05
48129-00042,근린공원61,근린공원,경상남도 창원시 진해구 신항3로 11,경상남도 창원시 진해구 용원동 1353-5,35.087334,128.822643,22939.7,,,,,,2006-08-03,경상남도 창원시 진해구청,055-548-4501,2024-04-05
48129-00043,어린이공원179,어린이공원,,경상남도 창원시 진해구 용원동 1336-2,35.089228,128.800795,6544.7,,,,,,2006-08-03,경상남도 창원시 진해구청,055-548-4501,2024-04-05
48129-00044,어린이공원180,어린이공원,,경상남도 창원시 진해구 용원동 1337-4,35.086838,128.805166,5622.4,,,,,,2006-08-03,경상남도 창원시 진해구청,055-548-4501,2024-04-05
48129-00045,어린이공원181,어린이공원,,경상남도 창원시 진해구 용원동 1338-4,35.0869199016,128.810131,5126.9,,,,,,2006-08-03,경상남도 창원시 진해구청,055-548-4501,2024-04-05
48129-00046,어린이공원182,어린이공원,,경상남도 창원시 진해구 용원동 1339-4,35.087514,128.813509,3023,,,,,,2006-08-03,경상남도 창원시 진해구청,055-548-4501,2024-04-05
48129-00047,어린이공원183,어린이공원,,경상남도 창원시 진해구 용원동 1341-3,35.090382,128.815017,4785.1,,,,,,2006-08-03,경상남도 창원시 진해구청,055-548-4501,2024-04-05
48129-00048,소공원7,소공원,,경상남도 창원시 진해구 남양동 407,35.116049,128.780329,4612.1,,,,,,2006-11-03,경상남도 창원시 진해구청,055-548-4501,2024-04-05
48129-00049,제1근린공원,근린공원,,경상남도 창원시 진해구 남문동 1257,35.1047098773,128.750219,14129.7,,,,,,2007-02-13,경상남도 창원시 진해구청,055-548-4501,2024-04-05
48129-00050,제2근린공원,근린공원,,경상남도 창원시 진해구 남문동 1289,35.104788,128.754499,18115,,,,,,2007-02-13,경상남도 창원시 진해구청,055-548-4501,2024-04-05
48129-00051,제3근린공원,근린공원,,경상남도 창원시 진해구 남문동 1297,35.102936,128.762397,12497,,,,,,2007-02-13,경상남도 창원시 진해구청,055-548-4501,2024-04-05
48129-00052,어린이공원190,어린이공원,,경상남도 창원시 진해구 남문동 1200,35.109454,128.747513,3180.2,,,,,,2007-02-15,경상남도 창원시 진해구청,055-548-4501,2024-04-05
48129-00053,어린이공원191,어린이공원,,경상남도 창원시 진해구 남문동 1238,35.107375,128.751264,4489.8,,,,,,2007-02-15,경상남도 창원시 진해구청,055-548-4501,2024-04-05
48129-00054,어린이공원192,어린이공원,,경상남도 창원시 진해구 남문동 1219,35.109655,128.753682,2680.2,,,,,,2007-02-15,경상남도 창원시 진해구청,055-548-4501,2024-04-05
48129-00055,흰돌메공원,근린공원,,경상남도 창원시 진해구 남문동 산4-2,35.100942,128.770937,32000,,,,,,2008-06-05,경상남도 창원시 진해구청,055-548-4501,2024-04-05
48129-00056,에너지과학공원,문화공원,경상남도 창원시 진해구 천자로 160,경상남도 창원시 진해구 덕산동 산 2,35.141299,128.6883001720,111980,,,,,,2008-06-05,경상남도 창원시 진해구청,055-548-4501,2024-04-05
48129-00057,소공원24,소공원,경상남도 창원시 진해구 대야남로62번길 1,경상남도 창원시 진해구 태백동 10-30,35.154608,128.6714798964,6683.3,,,,,,2008-07-03,경상남도 창원시 진해구청,055-548-4501,2024-04-05
48129-00058,초록오름1공원,근린공원,,경상남도 창원시 진해구 용원동 1336-7,35.089273,128.806143,12170,,,,,,2008-12-04,경상남도 창원시 진해구청,055-548-4501,2024-04-05
48129-00059,이동레포츠공원,체육공원,,경상남도 창원시 진해구 이동 666,35.147672,128.694622,15156.3,,,,,,2009-09-10,경상남도 창원시 진해구청,055-548-4501,2024-04-05
48129-00060,어린이공원212,어린이공원,,경상남도 창원시 진해구 남문동 1284,35.104739,128.760306,1729.9,,,,,,2010-09-07,경상남도 창원시 진해구청,055-548-4501,2024-04-05
48129-00061,장천체육 공원,체육공원,,경상남도 창원시 진해구 장천동 산1-300,35.128567,128.719252,49000,,,,,,2011-11-21,경상남도 창원시 진해구청,055-548-4501,2024-04-05
48129-00062,근린공원74,근린공원,,경상남도 창원시 진해구 풍호동 305-25,35.134021,128.703806,6583,,,,,,2012-09-04,경상남도 창원시 진해구청,055-548-4501,2024-04-05
48129-00063,벚꽃공원,문화공원,,경상남도 창원시 진해구 장천동 175-1,35.123465,128.7080603340,37462,,,,,,2012-11-08,경상남도 창원시 진해구청,055-548-4501,2024-04-05
48129-00064,어린이공원217,어린이공원,,경상남도 창원시 진해구 남문동 1292,35.10459988,128.756348,3078.1,,,,,,2012-12-06,경상남도 창원시 진해구청,055-548-4501,2024-04-05
48129-00065,소공원67,소공원,,경상남도 창원시 진해구 안골동 산64,35.088942,128.795244,2860,,,,,,2014-12-04,경상남도 창원시 진해구청,055-548-4501,2024-04-05
48129-00066,소공원68,소공원,,경상남도 창원시 진해구 안골동 산59,35.090843,128.7925503859,2140,,,,,,2014-12-04,경상남도 창원시 진해구청,055-548-4501,2024-04-05
48129-00067,덕주공원,문화공원,,경상남도 창원시 진해구 경화동 1334-2,35.159789,128.685109,598.4,,,,,,2014-12-30,경상남도 창원시 진해구청,055-548-4501,2024-04-05
48129-00068,어린이공원221,어린이공원,,경상남도 창원시 진해구 명동 산104,35.095043,128.734661,6772,,,,,,2015-06-17,경상남도 창원시 진해구청,055-548-4501,2024-04-05
48129-00069,소공원69,소공원,,경상남도 창원시 진해구 명동 54,35.0969603416,128.734469,1113,,,,,,2015-06-17,경상남도 창원시 진해구청,055-548-4501,2024-04-05
48129-00070,어린이공원222,어린이공원,,경상남도 창원시 진해구 두동 290,35.126593,128.806266,1795.5,,,,,,2015-06-25,경상남도 창원시 진해구청,055-548-4501,2024-04-05
48129-00071,어린이공원223,어린이공원,,경상남도 창원시 진해구 두동 373,35.123195,128.804094,1815,,,,,,2015-06-25,경상남도 창원시 진해구청,055-548-4501,2024-04-05
48129-00072,어린이공원224,어린이공원,,경상남도 창원시 진해구 두동 750,35.123879,128.801349,1789.5,,,,,,2015-06-25,경상남도 창원시 진해구청,055-548-4501,2024-04-05
48129-00073,소공원70,소공원,,경상남도 창원시 진해구 두동 120,35.126727,128.810075,10171.2,,,,,,2015-06-25,경상남도 창원시 진해구청,055-548-4501,2024-04-05
48129-00074,소공원71,소공원,,경상남도 창원시 진해구 두동 319,35.125052,128.808408,2071.2,,,,,,2015-06-25,경상남도 창원시 진해구청,055-548-4501,2024-04-05
48129-00075,소공원72,소공원,,경상남도 창원시 진해구 두동 457-1,35.121928,128.805949,2761.5,,,,,,2015-06-25,경상남도 창원시 진해구청,055-548-4501,2024-04-05
48129-00076,소공원73,소공원,,경상남도 창원시 진해구 두동 1042,35.120668,128.796132,2834.3,,,,,,2015-06-25,경상남도 창원시 진해구청,055-548-4501,2024-04-05
48129-00077,소공원76,소공원,,경상남도 창원시 진해구 죽곡동 산106,35.107414,128.721098,2585,,,,,,2015-12-03,경상남도 창원시 진해구청,055-548-4501,2024-04-05
48129-00078,소공원77,소공원,,경상남도 창원시 진해구 죽곡동 산113-1,35.105507,128.719138,2983,,,,,,2015-12-03,경상남도 창원시 진해구청,055-548-4501,2024-04-05
48129-00079,소공원78,소공원,,경상남도 창원시 진해구 죽곡동 산99,35.109042,128.724677,1345,,,,,,2015-12-03,경상남도 창원시 진해구청,055-548-4501,2024-04-05
48129-00080,소공원82,소공원,,경상남도 창원시 진해구 자은동 143-3,35.154514,128.713159,670.1,,,,,,2016-04-04,경상남도 창원시 진해구청,055-548-4501,2024-04-05
48129-00081,진해해변 공원,문화공원,경상남도 창원시 진해구 진희로 142,경상남도 창원시 진해구 경화동 1007-14,35.147195,128.684297,24172,,,,,,2016-06-02,경상남도 창원시 진해구청,055-548-4501,2024-04-05
48129-00082,소공원90,소공원,경상남도 창원시 진해구 충장로305번길 34,경상남도 창원시 진해구 경화동 664,35.156469,128.685389,2760,,,,,,2017-01-13,경상남도 창원시 진해구청,055-548-4501,2024-04-05
48129-00083,소공원91,소공원,경상남도 창원시 진해구 경화로34번길 5-1,경상남도 창원시 진해구 경화동 690,35.156554,128.686757,2305,,,,,,2017-01-13,경상남도 창원시 진해구청,055-548-4501,2024-04-05
48129-00084,근린공원91,근린공원,,경상남도 창원시 진해구 태백동 산 52-105,35.159486,128.668573,29382,,,,,,2018-01-11,경상남도 창원시 진해구청,055-548-4501,2024-04-05
48129-00085,근린공원92,근린공원,경상남도 창원시 진해구 여좌로 32,경상남도 창원시 진해구 여좌동 924-1,35.158055,128.666869,22811,,,,,,2018-01-11,경상남도 창원시 진해구청,055-548-4501,2024-04-05
48129-00086,소공원102,소공원,경상남도 창원시 진해구 여좌로 32,경상남도 창원시 진해구 여좌동 924-1,35.158055,128.666869,2934,,,,,,2018-01-11,경상남도 창원시 진해구청,055-548-4501,2024-04-05
48129-00087,소공원103,소공원,경상남도 창원시 진해구 여좌로 32,경상남도 창원시 진해구 여좌동 924-1,35.158055,128.666869,3679,,,,,,2018-01-11,경상남도 창원시 진해구청,055-548-4501,2024-04-05
48129-00088,소공원104,소공원,경상남도 창원시 진해구 여좌로 32,경상남도 창원시 진해구 여좌동 924-1,35.158055,128.666869,4593,,,,,,2018-01-11,경상남도 창원시 진해구청,055-548-4501,2024-04-05
48129-00089,어린이공원234,어린이공원,,경상남도 창원시 진해구 이동 552-10,35.151443,128.690847,1600,,,,,,2018-09-21,경상남도 창원시 진해구청,055-548-4501,2024-04-05
48129-00090,소공원109,소공원,,경상남도 창원시 진해구 태백동 55-16,35.166291,128.658858,4902,,,,,,2019-12-18,경상남도 창원시 진해구청,055-548-4501,2024-04-05
48129-00091,공원85,근린공원,,경상남도 창원시 진해구 안골동 산35,35.091938,128.805336,10865,,,,,,2021-05-27,경상남도 창원시 진해구청,055-548-4501,2024-04-05
48129-00092,공원93,소공원,,경상남도 창원시 진해구 안골동 45,35.090823,128.804865,1178,,,,,,2021-05-27,경상남도 창원시 진해구청,055-548-4501,2024-04-05
48129-00093,공원94,소공원,,경상남도 창원시 진해구 안골동 35,35.091044,128.806194,818,,,,,,2021-05-27,경상남도 창원시 진해구청,055-548-4501,2024-04-05
48129-00094,어린이공원241,어린이공원,,경상남도 창원시 진해구 장천동 572-3,35.129496,128.701264,3844,,,,,,2021-12-31,경상남도 창원시 진해구청,055-548-4501,2024-04-05
48129-00095,소공원121,소공원,,경상남도 창원시 진해구 풍호동 414-1,35.133961,128.699925,510,,,,,,2021-12-31,경상남도 창원시 진해구청,055-548-4501,2024-04-05
48129-00096,소공원122,소공원,,경상남도 창원시 진해구 풍호동 414-9,35.13379952,128.699073,2967,,,,,,2021-12-31,경상남도 창원시 진해구청,055-548-4501,2024-04-05
48129-00097,소공원123,소공원,,경상남도 창원시 진해구 장천동 555-1,35.130921,128.700236,968,,,,,,2021-12-31,경상남도 창원시 진해구청,055-548-4501,2024-04-05
48129-00098,용원체육공원,체육공원,,경상남도 창원시 진해구 용원동 1335,35.09127172,128.8265902,32334,,,,,,2022-03-17,경상남도 창원시 진해구청,055-548-4501,2024-04-05
